date,hour,customer_count
2023-01-01,8,32
2023-01-01,9,45
2023-01-01,10,36
2023-01-01,11,45
2023-01-01,12,49
2023-01-01,13,52
2023-01-01,14,36
2023-01-01,15,41
2023-01-01,16,55
2023-01-01,17,50
2023-01-01,18,63
2023-01-01,19,37
2023-01-01,20,43
2023-01-01,21,36
2023-01-02,8,28
2023-01-02,9,27
2023-01-02,10,25
2023-01-02,11,26
2023-01-02,12,34
2023-01-02,13,39
2023-01-02,14,16
2023-01-02,15,25
2023-01-02,16,44
2023-01-02,17,45
2023-01-02,18,36
2023-01-02,19,16
2023-01-02,20,20
2023-01-02,21,25
2023-01-03,8,16
2023-01-03,9,19
2023-01-03,10,17
2023-01-03,11,35
2023-01-03,12,23
2023-01-03,13,23
2023-01-03,14,20
2023-01-03,15,8
2023-01-03,16,23
2023-01-03,17,29
2023-01-03,18,36
2023-01-03,19,25
2023-01-03,20,21
2023-01-03,21,19
2023-01-04,8,28
2023-01-04,9,14
2023-01-04,10,20
2023-01-04,11,26
2023-01-04,12,36
2023-01-04,13,31
2023-01-04,14,14
2023-01-04,15,20
2023-01-04,16,43
2023-01-04,17,36
2023-01-04,18,29
2023-01-04,19,22
2023-01-04,20,25
2023-01-04,21,28
2023-01-05,8,20
2023-01-05,9,27
2023-01-05,10,27
2023-01-05,11,34
2023-01-05,12,35
2023-01-05,13,36
2023-01-05,14,28
2023-01-05,15,13
2023-01-05,16,42
2023-01-05,17,36
2023-01-05,18,41
2023-01-05,19,26
2023-01-05,20,17
2023-01-05,21,29
2023-01-06,8,18
2023-01-06,9,22
2023-01-06,10,18
2023-01-06,11,35
2023-01-06,12,25
2023-01-06,13,28
2023-01-06,14,22
2023-01-06,15,15
2023-01-06,16,30
2023-01-06,17,40
2023-01-06,18,33
2023-01-06,19,12
2023-01-06,20,27
2023-01-06,21,20
2023-01-07,8,51
2023-01-07,9,35
2023-01-07,10,30
2023-01-07,11,58
2023-01-07,12,43
2023-01-07,13,53
2023-01-07,14,38
2023-01-07,15,41
2023-01-07,16,46
2023-01-07,17,52
2023-01-07,18,42
2023-01-07,19,43
2023-01-07,20,44
2023-01-07,21,41
2023-01-08,8,48
2023-01-08,9,37
2023-01-08,10,40
2023-01-08,11,48
2023-01-08,12,52
2023-01-08,13,55
2023-01-08,14,43
2023-01-08,15,40
2023-01-08,16,51
2023-01-08,17,53
2023-01-08,18,54
2023-01-08,19,36
2023-01-08,20,30
2023-01-08,21,31
2023-01-09,8,29
2023-01-09,9,17
2023-01-09,10,19
2023-01-09,11,39
2023-01-09,12,30
2023-01-09,13,27
2023-01-09,14,25
2023-01-09,15,21
2023-01-09,16,35
2023-01-09,17,41
2023-01-09,18,26
2023-01-09,19,24
2023-01-09,20,16
2023-01-09,21,20
2023-01-10,8,27
2023-01-10,9,23
2023-01-10,10,26
2023-01-10,11,32
2023-01-10,12,27
2023-01-10,13,34
2023-01-10,14,16
2023-01-10,15,15
2023-01-10,16,39
2023-01-10,17,30
2023-01-10,18,35
2023-01-10,19,23
2023-01-10,20,18
2023-01-10,21,28
2023-01-11,8,17
2023-01-11,9,18
2023-01-11,10,23
2023-01-11,11,29
2023-01-11,12,32
2023-01-11,13,27
2023-01-11,14,16
2023-01-11,15,17
2023-01-11,16,30
2023-01-11,17,32
2023-01-11,18,38
2023-01-11,19,21
2023-01-11,20,22
2023-01-11,21,16
2023-01-12,8,22
2023-01-12,9,19
2023-01-12,10,28
2023-01-12,11,29
2023-01-12,12,30
2023-01-12,13,22
2023-01-12,14,22
2023-01-12,15,16
2023-01-12,16,36
2023-01-12,17,36
2023-01-12,18,31
2023-01-12,19,22
2023-01-12,20,17
2023-01-12,21,19
2023-01-13,8,20
2023-01-13,9,18
2023-01-13,10,20
2023-01-13,11,29
2023-01-13,12,33
2023-01-13,13,42
2023-01-13,14,18
2023-01-13,15,28
2023-01-13,16,40
2023-01-13,17,32
2023-01-13,18,29
2023-01-13,19,16
2023-01-13,20,22
2023-01-13,21,18
2023-01-14,8,40
2023-01-14,9,39
2023-01-14,10,42
2023-01-14,11,51
2023-01-14,12,47
2023-01-14,13,51
2023-01-14,14,42
2023-01-14,15,43
2023-01-14,16,49
2023-01-14,17,55
2023-01-14,18,45
2023-01-14,19,47
2023-01-14,20,37
2023-01-14,21,43
2023-01-15,8,44
2023-01-15,9,40
2023-01-15,10,40
2023-01-15,11,52
2023-01-15,12,53
2023-01-15,13,47
2023-01-15,14,46
2023-01-15,15,42
2023-01-15,16,56
2023-01-15,17,61
2023-01-15,18,43
2023-01-15,19,40
2023-01-15,20,36
2023-01-15,21,29
2023-01-16,8,16
2023-01-16,9,25
2023-01-16,10,21
2023-01-16,11,29
2023-01-16,12,22
2023-01-16,13,25
2023-01-16,14,20
2023-01-16,15,13
2023-01-16,16,29
2023-01-16,17,27
2023-01-16,18,31
2023-01-16,19,15
2023-01-16,20,16
2023-01-16,21,23
2023-01-17,8,24
2023-01-17,9,24
2023-01-17,10,21
2023-01-17,11,26
2023-01-17,12,35
2023-01-17,13,26
2023-01-17,14,14
2023-01-17,15,21
2023-01-17,16,32
2023-01-17,17,29
2023-01-17,18,36
2023-01-17,19,8
2023-01-17,20,22
2023-01-17,21,13
2023-01-18,8,12
2023-01-18,9,13
2023-01-18,10,20
2023-01-18,11,30
2023-01-18,12,23
2023-01-18,13,35
2023-01-18,14,21
2023-01-18,15,19
2023-01-18,16,35
2023-01-18,17,39
2023-01-18,18,38
2023-01-18,19,13
2023-01-18,20,19
2023-01-18,21,17
2023-01-19,8,21
2023-01-19,9,23
2023-01-19,10,23
2023-01-19,11,25
2023-01-19,12,36
2023-01-19,13,29
2023-01-19,14,13
2023-01-19,15,22
2023-01-19,16,39
2023-01-19,17,33
2023-01-19,18,37
2023-01-19,19,18
2023-01-19,20,17
2023-01-19,21,18
2023-01-20,8,25
2023-01-20,9,16
2023-01-20,10,19
2023-01-20,11,39
2023-01-20,12,27
2023-01-20,13,30
2023-01-20,14,11
2023-01-20,15,16
2023-01-20,16,23
2023-01-20,17,34
2023-01-20,18,34
2023-01-20,19,24
2023-01-20,20,29
2023-01-20,21,21
2023-01-21,8,45
2023-01-21,9,32
2023-01-21,10,44
2023-01-21,11,45
2023-01-21,12,56
2023-01-21,13,55
2023-01-21,14,35
2023-01-21,15,46
2023-01-21,16,58
2023-01-21,17,48
2023-01-21,18,61
2023-01-21,19,34
2023-01-21,20,41
2023-01-21,21,40
2023-01-22,8,40
2023-01-22,9,43
2023-01-22,10,32
2023-01-22,11,50
2023-01-22,12,48
2023-01-22,13,37
2023-01-22,14,51
2023-01-22,15,38
2023-01-22,16,53
2023-01-22,17,55
2023-01-22,18,48
2023-01-22,19,37
2023-01-22,20,46
2023-01-22,21,41
2023-01-23,8,21
2023-01-23,9,21
2023-01-23,10,15
2023-01-23,11,36
2023-01-23,12,34
2023-01-23,13,30
2023-01-23,14,16
2023-01-23,15,17
2023-01-23,16,34
2023-01-23,17,41
2023-01-23,18,26
2023-01-23,19,19
2023-01-23,20,15
2023-01-23,21,17
2023-01-24,8,16
2023-01-24,9,21
2023-01-24,10,23
2023-01-24,11,26
2023-01-24,12,32
2023-01-24,13,24
2023-01-24,14,25
2023-01-24,15,19
2023-01-24,16,33
2023-01-24,17,36
2023-01-24,18,39
2023-01-24,19,23
2023-01-24,20,21
2023-01-24,21,20
2023-01-25,8,21
2023-01-25,9,9
2023-01-25,10,14
2023-01-25,11,39
2023-01-25,12,28
2023-01-25,13,34
2023-01-25,14,19
2023-01-25,15,16
2023-01-25,16,37
2023-01-25,17,41
2023-01-25,18,31
2023-01-25,19,13
2023-01-25,20,23
2023-01-25,21,10
2023-01-26,8,22
2023-01-26,9,20
2023-01-26,10,14
2023-01-26,11,31
2023-01-26,12,33
2023-01-26,13,26
2023-01-26,14,17
2023-01-26,15,17
2023-01-26,16,34
2023-01-26,17,31
2023-01-26,18,32
2023-01-26,19,15
2023-01-26,20,23
2023-01-26,21,17
2023-01-27,8,12
2023-01-27,9,19
2023-01-27,10,25
2023-01-27,11,41
2023-01-27,12,39
2023-01-27,13,33
2023-01-27,14,18
2023-01-27,15,25
2023-01-27,16,35
2023-01-27,17,35
2023-01-27,18,30
2023-01-27,19,21
2023-01-27,20,20
2023-01-27,21,17
2023-01-28,8,40
2023-01-28,9,38
2023-01-28,10,46
2023-01-28,11,53
2023-01-28,12,49
2023-01-28,13,48
2023-01-28,14,44
2023-01-28,15,52
2023-01-28,16,52
2023-01-28,17,49
2023-01-28,18,59
2023-01-28,19,33
2023-01-28,20,40
2023-01-28,21,36
2023-01-29,8,42
2023-01-29,9,43
2023-01-29,10,35
2023-01-29,11,49
2023-01-29,12,44
2023-01-29,13,56
2023-01-29,14,38
2023-01-29,15,32
2023-01-29,16,57
2023-01-29,17,55
2023-01-29,18,45
2023-01-29,19,38
2023-01-29,20,44
2023-01-29,21,35
2023-01-30,8,17
2023-01-30,9,22
2023-01-30,10,22
2023-01-30,11,32
2023-01-30,12,23
2023-01-30,13,25
2023-01-30,14,11
2023-01-30,15,13
2023-01-30,16,28
2023-01-30,17,40
2023-01-30,18,34
2023-01-30,19,13
2023-01-30,20,25
2023-01-30,21,18
2023-01-31,8,18
2023-01-31,9,21
2023-01-31,10,25
2023-01-31,11,34
2023-01-31,12,36
2023-01-31,13,32
2023-01-31,14,13
2023-01-31,15,22
2023-01-31,16,36
2023-01-31,17,41
2023-01-31,18,31
2023-01-31,19,22
2023-01-31,20,18
2023-01-31,21,17
2023-02-01,8,21
2023-02-01,9,22
2023-02-01,10,17
2023-02-01,11,31
2023-02-01,12,26
2023-02-01,13,30
2023-02-01,14,18
2023-02-01,15,17
2023-02-01,16,23
2023-02-01,17,34
2023-02-01,18,41
2023-02-01,19,28
2023-02-01,20,12
2023-02-01,21,11
2023-02-02,8,14
2023-02-02,9,11
2023-02-02,10,14
2023-02-02,11,43
2023-02-02,12,38
2023-02-02,13,22
2023-02-02,14,16
2023-02-02,15,10
2023-02-02,16,39
2023-02-02,17,33
2023-02-02,18,46
2023-02-02,19,23
2023-02-02,20,18
2023-02-02,21,20
2023-02-03,8,24
2023-02-03,9,22
2023-02-03,10,20
2023-02-03,11,21
2023-02-03,12,23
2023-02-03,13,32
2023-02-03,14,16
2023-02-03,15,21
2023-02-03,16,30
2023-02-03,17,31
2023-02-03,18,25
2023-02-03,19,21
2023-02-03,20,10
2023-02-03,21,20
2023-02-04,8,39
2023-02-04,9,38
2023-02-04,10,52
2023-02-04,11,47
2023-02-04,12,49
2023-02-04,13,49
2023-02-04,14,36
2023-02-04,15,39
2023-02-04,16,53
2023-02-04,17,49
2023-02-04,18,62
2023-02-04,19,36
2023-02-04,20,47
2023-02-04,21,36
2023-02-05,8,41
2023-02-05,9,44
2023-02-05,10,40
2023-02-05,11,46
2023-02-05,12,58
2023-02-05,13,47
2023-02-05,14,40
2023-02-05,15,35
2023-02-05,16,63
2023-02-05,17,55
2023-02-05,18,44
2023-02-05,19,43
2023-02-05,20,40
2023-02-05,21,38
2023-02-06,8,20
2023-02-06,9,13
2023-02-06,10,16
2023-02-06,11,34
2023-02-06,12,19
2023-02-06,13,27
2023-02-06,14,17
2023-02-06,15,24
2023-02-06,16,30
2023-02-06,17,46
2023-02-06,18,40
2023-02-06,19,19
2023-02-06,20,19
2023-02-06,21,13
2023-02-07,8,17
2023-02-07,9,24
2023-02-07,10,31
2023-02-07,11,18
2023-02-07,12,32
2023-02-07,13,39
2023-02-07,14,20
2023-02-07,15,23
2023-02-07,16,39
2023-02-07,17,28
2023-02-07,18,38
2023-02-07,19,9
2023-02-07,20,25
2023-02-07,21,26
2023-02-08,8,16
2023-02-08,9,24
2023-02-08,10,25
2023-02-08,11,39
2023-02-08,12,31
2023-02-08,13,34
2023-02-08,14,18
2023-02-08,15,17
2023-02-08,16,41
2023-02-08,17,30
2023-02-08,18,35
2023-02-08,19,24
2023-02-08,20,12
2023-02-08,21,17
2023-02-09,8,25
2023-02-09,9,8
2023-02-09,10,24
2023-02-09,11,37
2023-02-09,12,33
2023-02-09,13,38
2023-02-09,14,21
2023-02-09,15,18
2023-02-09,16,26
2023-02-09,17,33
2023-02-09,18,41
2023-02-09,19,12
2023-02-09,20,17
2023-02-09,21,16
2023-02-10,8,20
2023-02-10,9,19
2023-02-10,10,13
2023-02-10,11,26
2023-02-10,12,38
2023-02-10,13,24
2023-02-10,14,20
2023-02-10,15,17
2023-02-10,16,39
2023-02-10,17,31
2023-02-10,18,36
2023-02-10,19,23
2023-02-10,20,15
2023-02-10,21,23
2023-02-11,8,42
2023-02-11,9,41
2023-02-11,10,39
2023-02-11,11,59
2023-02-11,12,40
2023-02-11,13,56
2023-02-11,14,38
2023-02-11,15,43
2023-02-11,16,53
2023-02-11,17,57
2023-02-11,18,60
2023-02-11,19,49
2023-02-11,20,36
2023-02-11,21,45
2023-02-12,8,35
2023-02-12,9,36
2023-02-12,10,42
2023-02-12,11,48
2023-02-12,12,55
2023-02-12,13,50
2023-02-12,14,38
2023-02-12,15,39
2023-02-12,16,49
2023-02-12,17,49
2023-02-12,18,49
2023-02-12,19,45
2023-02-12,20,46
2023-02-12,21,48
2023-02-13,8,20
2023-02-13,9,22
2023-02-13,10,12
2023-02-13,11,23
2023-02-13,12,29
2023-02-13,13,26
2023-02-13,14,28
2023-02-13,15,24
2023-02-13,16,36
2023-02-13,17,39
2023-02-13,18,32
2023-02-13,19,16
2023-02-13,20,18
2023-02-13,21,17
2023-02-14,8,21
2023-02-14,9,17
2023-02-14,10,22
2023-02-14,11,29
2023-02-14,12,34
2023-02-14,13,31
2023-02-14,14,11
2023-02-14,15,15
2023-02-14,16,32
2023-02-14,17,42
2023-02-14,18,39
2023-02-14,19,24
2023-02-14,20,23
2023-02-14,21,27
2023-02-15,8,17
2023-02-15,9,13
2023-02-15,10,33
2023-02-15,11,29
2023-02-15,12,24
2023-02-15,13,36
2023-02-15,14,10
2023-02-15,15,23
2023-02-15,16,39
2023-02-15,17,34
2023-02-15,18,27
2023-02-15,19,22
2023-02-15,20,18
2023-02-15,21,21
2023-02-16,8,19
2023-02-16,9,18
2023-02-16,10,22
2023-02-16,11,32
2023-02-16,12,33
2023-02-16,13,26
2023-02-16,14,23
2023-02-16,15,18
2023-02-16,16,34
2023-02-16,17,36
2023-02-16,18,32
2023-02-16,19,19
2023-02-16,20,22
2023-02-16,21,23
2023-02-17,8,14
2023-02-17,9,12
2023-02-17,10,30
2023-02-17,11,32
2023-02-17,12,36
2023-02-17,13,30
2023-02-17,14,23
2023-02-17,15,14
2023-02-17,16,37
2023-02-17,17,31
2023-02-17,18,38
2023-02-17,19,25
2023-02-17,20,14
2023-02-17,21,20
2023-02-18,8,40
2023-02-18,9,44
2023-02-18,10,41
2023-02-18,11,52
2023-02-18,12,47
2023-02-18,13,54
2023-02-18,14,39
2023-02-18,15,46
2023-02-18,16,50
2023-02-18,17,52
2023-02-18,18,51
2023-02-18,19,42
2023-02-18,20,47
2023-02-18,21,39
2023-02-19,8,31
2023-02-19,9,42
2023-02-19,10,38
2023-02-19,11,49
2023-02-19,12,53
2023-02-19,13,48
2023-02-19,14,49
2023-02-19,15,34
2023-02-19,16,56
2023-02-19,17,60
2023-02-19,18,58
2023-02-19,19,42
2023-02-19,20,43
2023-02-19,21,41
2023-02-20,8,22
2023-02-20,9,14
2023-02-20,10,18
2023-02-20,11,20
2023-02-20,12,34
2023-02-20,13,31
2023-02-20,14,18
2023-02-20,15,18
2023-02-20,16,33
2023-02-20,17,35
2023-02-20,18,34
2023-02-20,19,18
2023-02-20,20,16
2023-02-20,21,19
2023-02-21,8,12
2023-02-21,9,15
2023-02-21,10,20
2023-02-21,11,42
2023-02-21,12,24
2023-02-21,13,27
2023-02-21,14,24
2023-02-21,15,24
2023-02-21,16,32
2023-02-21,17,35
2023-02-21,18,32
2023-02-21,19,16
2023-02-21,20,19
2023-02-21,21,19
2023-02-22,8,26
2023-02-22,9,18
2023-02-22,10,17
2023-02-22,11,29
2023-02-22,12,30
2023-02-22,13,27
2023-02-22,14,14
2023-02-22,15,21
2023-02-22,16,33
2023-02-22,17,34
2023-02-22,18,25
2023-02-22,19,19
2023-02-22,20,23
2023-02-22,21,21
2023-02-23,8,26
2023-02-23,9,16
2023-02-23,10,20
2023-02-23,11,22
2023-02-23,12,27
2023-02-23,13,29
2023-02-23,14,12
2023-02-23,15,15
2023-02-23,16,33
2023-02-23,17,37
2023-02-23,18,44
2023-02-23,19,26
2023-02-23,20,12
2023-02-23,21,10
2023-02-24,8,19
2023-02-24,9,19
2023-02-24,10,20
2023-02-24,11,25
2023-02-24,12,33
2023-02-24,13,40
2023-02-24,14,10
2023-02-24,15,31
2023-02-24,16,38
2023-02-24,17,33
2023-02-24,18,30
2023-02-24,19,16
2023-02-24,20,20
2023-02-24,21,23
2023-02-25,8,44
2023-02-25,9,42
2023-02-25,10,35
2023-02-25,11,50
2023-02-25,12,44
2023-02-25,13,51
2023-02-25,14,46
2023-02-25,15,55
2023-02-25,16,55
2023-02-25,17,67
2023-02-25,18,54
2023-02-25,19,43
2023-02-25,20,28
2023-02-25,21,37
2023-02-26,8,43
2023-02-26,9,32
2023-02-26,10,40
2023-02-26,11,55
2023-02-26,12,45
2023-02-26,13,50
2023-02-26,14,34
2023-02-26,15,44
2023-02-26,16,53
2023-02-26,17,49
2023-02-26,18,54
2023-02-26,19,27
2023-02-26,20,50
2023-02-26,21,38
2023-02-27,8,18
2023-02-27,9,30
2023-02-27,10,18
2023-02-27,11,30
2023-02-27,12,25
2023-02-27,13,38
2023-02-27,14,18
2023-02-27,15,24
2023-02-27,16,22
2023-02-27,17,42
2023-02-27,18,29
2023-02-27,19,19
2023-02-27,20,19
2023-02-27,21,15
2023-02-28,8,24
2023-02-28,9,22
2023-02-28,10,23
2023-02-28,11,29
2023-02-28,12,21
2023-02-28,13,28
2023-02-28,14,14
2023-02-28,15,8
2023-02-28,16,43
2023-02-28,17,29
2023-02-28,18,47
2023-02-28,19,16
2023-02-28,20,22
2023-02-28,21,14
2023-03-01,8,23
2023-03-01,9,14
2023-03-01,10,23
2023-03-01,11,38
2023-03-01,12,33
2023-03-01,13,29
2023-03-01,14,17
2023-03-01,15,26
2023-03-01,16,34
2023-03-01,17,36
2023-03-01,18,37
2023-03-01,19,17
2023-03-01,20,24
2023-03-01,21,15
2023-03-02,8,17
2023-03-02,9,11
2023-03-02,10,23
2023-03-02,11,33
2023-03-02,12,29
2023-03-02,13,30
2023-03-02,14,24
2023-03-02,15,15
2023-03-02,16,40
2023-03-02,17,32
2023-03-02,18,30
2023-03-02,19,19
2023-03-02,20,30
2023-03-02,21,19
2023-03-03,8,23
2023-03-03,9,15
2023-03-03,10,20
2023-03-03,11,33
2023-03-03,12,32
2023-03-03,13,34
2023-03-03,14,13
2023-03-03,15,15
2023-03-03,16,28
2023-03-03,17,36
2023-03-03,18,41
2023-03-03,19,22
2023-03-03,20,23
2023-03-03,21,22
2023-03-04,8,48
2023-03-04,9,39
2023-03-04,10,34
2023-03-04,11,48
2023-03-04,12,46
2023-03-04,13,53
2023-03-04,14,41
2023-03-04,15,43
2023-03-04,16,50
2023-03-04,17,53
2023-03-04,18,55
2023-03-04,19,37
2023-03-04,20,36
2023-03-04,21,36
2023-03-05,8,42
2023-03-05,9,39
2023-03-05,10,35
2023-03-05,11,46
2023-03-05,12,48
2023-03-05,13,42
2023-03-05,14,29
2023-03-05,15,41
2023-03-05,16,56
2023-03-05,17,57
2023-03-05,18,45
2023-03-05,19,45
2023-03-05,20,43
2023-03-05,21,39
2023-03-06,8,28
2023-03-06,9,18
2023-03-06,10,16
2023-03-06,11,26
2023-03-06,12,26
2023-03-06,13,23
2023-03-06,14,22
2023-03-06,15,24
2023-03-06,16,35
2023-03-06,17,43
2023-03-06,18,41
2023-03-06,19,17
2023-03-06,20,17
2023-03-06,21,20
2023-03-07,8,26
2023-03-07,9,16
2023-03-07,10,21
2023-03-07,11,36
2023-03-07,12,25
2023-03-07,13,35
2023-03-07,14,22
2023-03-07,15,11
2023-03-07,16,32
2023-03-07,17,25
2023-03-07,18,28
2023-03-07,19,27
2023-03-07,20,28
2023-03-07,21,20
2023-03-08,8,21
2023-03-08,9,12
2023-03-08,10,24
2023-03-08,11,33
2023-03-08,12,26
2023-03-08,13,26
2023-03-08,14,25
2023-03-08,15,13
2023-03-08,16,31
2023-03-08,17,36
2023-03-08,18,34
2023-03-08,19,22
2023-03-08,20,15
2023-03-08,21,23
2023-03-09,8,17
2023-03-09,9,19
2023-03-09,10,27
2023-03-09,11,27
2023-03-09,12,23
2023-03-09,13,26
2023-03-09,14,21
2023-03-09,15,24
2023-03-09,16,29
2023-03-09,17,34
2023-03-09,18,37
2023-03-09,19,17
2023-03-09,20,22
2023-03-09,21,21
2023-03-10,8,14
2023-03-10,9,18
2023-03-10,10,22
2023-03-10,11,34
2023-03-10,12,28
2023-03-10,13,24
2023-03-10,14,21
2023-03-10,15,18
2023-03-10,16,57
2023-03-10,17,30
2023-03-10,18,37
2023-03-10,19,21
2023-03-10,20,18
2023-03-10,21,19
2023-03-11,8,39
2023-03-11,9,42
2023-03-11,10,34
2023-03-11,11,41
2023-03-11,12,52
2023-03-11,13,46
2023-03-11,14,31
2023-03-11,15,43
2023-03-11,16,47
2023-03-11,17,43
2023-03-11,18,64
2023-03-11,19,40
2023-03-11,20,44
2023-03-11,21,39
2023-03-12,8,40
2023-03-12,9,46
2023-03-12,10,35
2023-03-12,11,53
2023-03-12,12,46
2023-03-12,13,45
2023-03-12,14,43
2023-03-12,15,34
2023-03-12,16,41
2023-03-12,17,64
2023-03-12,18,44
2023-03-12,19,32
2023-03-12,20,43
2023-03-12,21,43
2023-03-13,8,19
2023-03-13,9,20
2023-03-13,10,17
2023-03-13,11,34
2023-03-13,12,26
2023-03-13,13,30
2023-03-13,14,13
2023-03-13,15,21
2023-03-13,16,31
2023-03-13,17,35
2023-03-13,18,38
2023-03-13,19,21
2023-03-13,20,27
2023-03-13,21,22
2023-03-14,8,21
2023-03-14,9,21
2023-03-14,10,21
2023-03-14,11,33
2023-03-14,12,29
2023-03-14,13,24
2023-03-14,14,10
2023-03-14,15,8
2023-03-14,16,38
2023-03-14,17,40
2023-03-14,18,42
2023-03-14,19,21
2023-03-14,20,23
2023-03-14,21,19
2023-03-15,8,21
2023-03-15,9,24
2023-03-15,10,28
2023-03-15,11,23
2023-03-15,12,27
2023-03-15,13,33
2023-03-15,14,23
2023-03-15,15,25
2023-03-15,16,33
2023-03-15,17,41
2023-03-15,18,37
2023-03-15,19,21
2023-03-15,20,11
2023-03-15,21,14
2023-03-16,8,21
2023-03-16,9,19
2023-03-16,10,19
2023-03-16,11,29
2023-03-16,12,28
2023-03-16,13,26
2023-03-16,14,21
2023-03-16,15,14
2023-03-16,16,36
2023-03-16,17,29
2023-03-16,18,31
2023-03-16,19,19
2023-03-16,20,12
2023-03-16,21,21
2023-03-17,8,22
2023-03-17,9,21
2023-03-17,10,14
2023-03-17,11,32
2023-03-17,12,32
2023-03-17,13,29
2023-03-17,14,16
2023-03-17,15,15
2023-03-17,16,34
2023-03-17,17,41
2023-03-17,18,39
2023-03-17,19,19
2023-03-17,20,22
2023-03-17,21,15
2023-03-18,8,36
2023-03-18,9,35
2023-03-18,10,41
2023-03-18,11,48
2023-03-18,12,53
2023-03-18,13,52
2023-03-18,14,46
2023-03-18,15,41
2023-03-18,16,52
2023-03-18,17,62
2023-03-18,18,58
2023-03-18,19,35
2023-03-18,20,42
2023-03-18,21,35
2023-03-19,8,41
2023-03-19,9,41
2023-03-19,10,41
2023-03-19,11,53
2023-03-19,12,50
2023-03-19,13,61
2023-03-19,14,29
2023-03-19,15,43
2023-03-19,16,49
2023-03-19,17,50
2023-03-19,18,50
2023-03-19,19,44
2023-03-19,20,36
2023-03-19,21,39
2023-03-20,8,15
2023-03-20,9,16
2023-03-20,10,25
2023-03-20,11,33
2023-03-20,12,32
2023-03-20,13,34
2023-03-20,14,22
2023-03-20,15,13
2023-03-20,16,40
2023-03-20,17,34
2023-03-20,18,40
2023-03-20,19,19
2023-03-20,20,17
2023-03-20,21,14
2023-03-21,8,19
2023-03-21,9,18
2023-03-21,10,18
2023-03-21,11,23
2023-03-21,12,23
2023-03-21,13,26
2023-03-21,14,16
2023-03-21,15,19
2023-03-21,16,29
2023-03-21,17,36
2023-03-21,18,30
2023-03-21,19,21
2023-03-21,20,24
2023-03-21,21,16
2023-03-22,8,14
2023-03-22,9,19
2023-03-22,10,34
2023-03-22,11,30
2023-03-22,12,40
2023-03-22,13,30
2023-03-22,14,21
2023-03-22,15,17
2023-03-22,16,39
2023-03-22,17,34
2023-03-22,18,41
2023-03-22,19,25
2023-03-22,20,24
2023-03-22,21,17
2023-03-23,8,15
2023-03-23,9,26
2023-03-23,10,22
2023-03-23,11,26
2023-03-23,12,28
2023-03-23,13,26
2023-03-23,14,22
2023-03-23,15,20
2023-03-23,16,30
2023-03-23,17,25
2023-03-23,18,39
2023-03-23,19,10
2023-03-23,20,16
2023-03-23,21,7
2023-03-24,8,25
2023-03-24,9,25
2023-03-24,10,10
2023-03-24,11,31
2023-03-24,12,27
2023-03-24,13,24
2023-03-24,14,24
2023-03-24,15,18
2023-03-24,16,35
2023-03-24,17,38
2023-03-24,18,30
2023-03-24,19,19
2023-03-24,20,22
2023-03-24,21,21
2023-03-25,8,49
2023-03-25,9,37
2023-03-25,10,38
2023-03-25,11,47
2023-03-25,12,61
2023-03-25,13,50
2023-03-25,14,41
2023-03-25,15,44
2023-03-25,16,54
2023-03-25,17,49
2023-03-25,18,57
2023-03-25,19,36
2023-03-25,20,36
2023-03-25,21,43
2023-03-26,8,35
2023-03-26,9,33
2023-03-26,10,51
2023-03-26,11,51
2023-03-26,12,46
2023-03-26,13,47
2023-03-26,14,35
2023-03-26,15,34
2023-03-26,16,51
2023-03-26,17,50
2023-03-26,18,52
2023-03-26,19,45
2023-03-26,20,41
2023-03-26,21,51
2023-03-27,8,19
2023-03-27,9,16
2023-03-27,10,16
2023-03-27,11,29
2023-03-27,12,24
2023-03-27,13,29
2023-03-27,14,21
2023-03-27,15,23
2023-03-27,16,30
2023-03-27,17,35
2023-03-27,18,29
2023-03-27,19,17
2023-03-27,20,25
2023-03-27,21,17
2023-03-28,8,14
2023-03-28,9,15
2023-03-28,10,20
2023-03-28,11,25
2023-03-28,12,30
2023-03-28,13,34
2023-03-28,14,19
2023-03-28,15,18
2023-03-28,16,35
2023-03-28,17,39
2023-03-28,18,38
2023-03-28,19,17
2023-03-28,20,16
2023-03-28,21,19
2023-03-29,8,15
2023-03-29,9,27
2023-03-29,10,18
2023-03-29,11,29
2023-03-29,12,26
2023-03-29,13,22
2023-03-29,14,19
2023-03-29,15,23
2023-03-29,16,31
2023-03-29,17,32
2023-03-29,18,36
2023-03-29,19,19
2023-03-29,20,14
2023-03-29,21,13
2023-03-30,8,12
2023-03-30,9,24
2023-03-30,10,16
2023-03-30,11,30
2023-03-30,12,34
2023-03-30,13,36
2023-03-30,14,23
2023-03-30,15,16
2023-03-30,16,35
2023-03-30,17,32
2023-03-30,18,43
2023-03-30,19,14
2023-03-30,20,30
2023-03-30,21,26
2023-03-31,8,26
2023-03-31,9,24
2023-03-31,10,24
2023-03-31,11,33
2023-03-31,12,27
2023-03-31,13,21
2023-03-31,14,23
2023-03-31,15,21
2023-03-31,16,36
2023-03-31,17,35
2023-03-31,18,44
2023-03-31,19,15
2023-03-31,20,15
2023-03-31,21,21
2023-04-01,8,40
2023-04-01,9,44
2023-04-01,10,49
2023-04-01,11,43
2023-04-01,12,56
2023-04-01,13,46
2023-04-01,14,46
2023-04-01,15,41
2023-04-01,16,56
2023-04-01,17,60
2023-04-01,18,59
2023-04-01,19,35
2023-04-01,20,38
2023-04-01,21,44
2023-04-02,8,48
2023-04-02,9,37
2023-04-02,10,44
2023-04-02,11,45
2023-04-02,12,58
2023-04-02,13,38
2023-04-02,14,42
2023-04-02,15,41
2023-04-02,16,51
2023-04-02,17,58
2023-04-02,18,54
2023-04-02,19,50
2023-04-02,20,40
2023-04-02,21,35
2023-04-03,8,22
2023-04-03,9,28
2023-04-03,10,20
2023-04-03,11,25
2023-04-03,12,26
2023-04-03,13,24
2023-04-03,14,15
2023-04-03,15,16
2023-04-03,16,40
2023-04-03,17,42
2023-04-03,18,43
2023-04-03,19,13
2023-04-03,20,19
2023-04-03,21,16
2023-04-04,8,26
2023-04-04,9,18
2023-04-04,10,16
2023-04-04,11,28
2023-04-04,12,42
2023-04-04,13,26
2023-04-04,14,13
2023-04-04,15,24
2023-04-04,16,36
2023-04-04,17,30
2023-04-04,18,33
2023-04-04,19,21
2023-04-04,20,20
2023-04-04,21,15
2023-04-05,8,22
2023-04-05,9,14
2023-04-05,10,23
2023-04-05,11,33
2023-04-05,12,27
2023-04-05,13,29
2023-04-05,14,28
2023-04-05,15,26
2023-04-05,16,33
2023-04-05,17,30
2023-04-05,18,43
2023-04-05,19,18
2023-04-05,20,27
2023-04-05,21,24
2023-04-06,8,13
2023-04-06,9,14
2023-04-06,10,27
2023-04-06,11,27
2023-04-06,12,24
2023-04-06,13,30
2023-04-06,14,15
2023-04-06,15,23
2023-04-06,16,35
2023-04-06,17,38
2023-04-06,18,39
2023-04-06,19,21
2023-04-06,20,18
2023-04-06,21,17
2023-04-07,8,25
2023-04-07,9,24
2023-04-07,10,21
2023-04-07,11,30
2023-04-07,12,28
2023-04-07,13,20
2023-04-07,14,20
2023-04-07,15,19
2023-04-07,16,28
2023-04-07,17,34
2023-04-07,18,40
2023-04-07,19,23
2023-04-07,20,19
2023-04-07,21,24
2023-04-08,8,42
2023-04-08,9,39
2023-04-08,10,39
2023-04-08,11,54
2023-04-08,12,45
2023-04-08,13,43
2023-04-08,14,38
2023-04-08,15,45
2023-04-08,16,53
2023-04-08,17,50
2023-04-08,18,58
2023-04-08,19,42
2023-04-08,20,31
2023-04-08,21,37
2023-04-09,8,34
2023-04-09,9,44
2023-04-09,10,46
2023-04-09,11,46
2023-04-09,12,46
2023-04-09,13,42
2023-04-09,14,32
2023-04-09,15,52
2023-04-09,16,55
2023-04-09,17,54
2023-04-09,18,50
2023-04-09,19,29
2023-04-09,20,44
2023-04-09,21,43
2023-04-10,8,15
2023-04-10,9,20
2023-04-10,10,24
2023-04-10,11,28
2023-04-10,12,30
2023-04-10,13,34
2023-04-10,14,18
2023-04-10,15,15
2023-04-10,16,39
2023-04-10,17,35
2023-04-10,18,36
2023-04-10,19,16
2023-04-10,20,17
2023-04-10,21,13
2023-04-11,8,20
2023-04-11,9,20
2023-04-11,10,12
2023-04-11,11,28
2023-04-11,12,31
2023-04-11,13,30
2023-04-11,14,26
2023-04-11,15,21
2023-04-11,16,37
2023-04-11,17,36
2023-04-11,18,29
2023-04-11,19,24
2023-04-11,20,32
2023-04-11,21,25
2023-04-12,8,25
2023-04-12,9,21
2023-04-12,10,12
2023-04-12,11,29
2023-04-12,12,18
2023-04-12,13,37
2023-04-12,14,21
2023-04-12,15,18
2023-04-12,16,31
2023-04-12,17,36
2023-04-12,18,27
2023-04-12,19,21
2023-04-12,20,18
2023-04-12,21,14
2023-04-13,8,23
2023-04-13,9,26
2023-04-13,10,17
2023-04-13,11,28
2023-04-13,12,27
2023-04-13,13,27
2023-04-13,14,16
2023-04-13,15,17
2023-04-13,16,38
2023-04-13,17,29
2023-04-13,18,33
2023-04-13,19,19
2023-04-13,20,26
2023-04-13,21,19
2023-04-14,8,26
2023-04-14,9,17
2023-04-14,10,23
2023-04-14,11,24
2023-04-14,12,35
2023-04-14,13,21
2023-04-14,14,15
2023-04-14,15,25
2023-04-14,16,32
2023-04-14,17,27
2023-04-14,18,24
2023-04-14,19,22
2023-04-14,20,13
2023-04-14,21,19
2023-04-15,8,31
2023-04-15,9,35
2023-04-15,10,30
2023-04-15,11,54
2023-04-15,12,52
2023-04-15,13,41
2023-04-15,14,37
2023-04-15,15,38
2023-04-15,16,52
2023-04-15,17,57
2023-04-15,18,57
2023-04-15,19,41
2023-04-15,20,44
2023-04-15,21,32
2023-04-16,8,41
2023-04-16,9,44
2023-04-16,10,43
2023-04-16,11,58
2023-04-16,12,48
2023-04-16,13,45
2023-04-16,14,31
2023-04-16,15,42
2023-04-16,16,54
2023-04-16,17,56
2023-04-16,18,55
2023-04-16,19,33
2023-04-16,20,37
2023-04-16,21,37
2023-04-17,8,29
2023-04-17,9,9
2023-04-17,10,14
2023-04-17,11,26
2023-04-17,12,30
2023-04-17,13,30
2023-04-17,14,17
2023-04-17,15,20
2023-04-17,16,29
2023-04-17,17,29
2023-04-17,18,28
2023-04-17,19,27
2023-04-17,20,22
2023-04-17,21,20
2023-04-18,8,15
2023-04-18,9,20
2023-04-18,10,23
2023-04-18,11,27
2023-04-18,12,29
2023-04-18,13,26
2023-04-18,14,20
2023-04-18,15,14
2023-04-18,16,37
2023-04-18,17,36
2023-04-18,18,35
2023-04-18,19,21
2023-04-18,20,28
2023-04-18,21,24
2023-04-19,8,20
2023-04-19,9,20
2023-04-19,10,14
2023-04-19,11,24
2023-04-19,12,21
2023-04-19,13,23
2023-04-19,14,15
2023-04-19,15,18
2023-04-19,16,28
2023-04-19,17,39
2023-04-19,18,41
2023-04-19,19,17
2023-04-19,20,12
2023-04-19,21,19
2023-04-20,8,25
2023-04-20,9,20
2023-04-20,10,20
2023-04-20,11,36
2023-04-20,12,25
2023-04-20,13,30
2023-04-20,14,16
2023-04-20,15,9
2023-04-20,16,23
2023-04-20,17,27
2023-04-20,18,28
2023-04-20,19,22
2023-04-20,20,20
2023-04-20,21,18
2023-04-21,8,21
2023-04-21,9,16
2023-04-21,10,24
2023-04-21,11,31
2023-04-21,12,36
2023-04-21,13,24
2023-04-21,14,18
2023-04-21,15,14
2023-04-21,16,29
2023-04-21,17,19
2023-04-21,18,33
2023-04-21,19,23
2023-04-21,20,18
2023-04-21,21,26
2023-04-22,8,44
2023-04-22,9,34
2023-04-22,10,48
2023-04-22,11,58
2023-04-22,12,48
2023-04-22,13,52
2023-04-22,14,48
2023-04-22,15,42
2023-04-22,16,58
2023-04-22,17,58
2023-04-22,18,51
2023-04-22,19,40
2023-04-22,20,33
2023-04-22,21,40
2023-04-23,8,41
2023-04-23,9,33
2023-04-23,10,43
2023-04-23,11,42
2023-04-23,12,45
2023-04-23,13,40
2023-04-23,14,50
2023-04-23,15,42
2023-04-23,16,46
2023-04-23,17,55
2023-04-23,18,57
2023-04-23,19,39
2023-04-23,20,30
2023-04-23,21,45
2023-04-24,8,23
2023-04-24,9,23
2023-04-24,10,18
2023-04-24,11,33
2023-04-24,12,28
2023-04-24,13,30
2023-04-24,14,23
2023-04-24,15,28
2023-04-24,16,40
2023-04-24,17,34
2023-04-24,18,45
2023-04-24,19,18
2023-04-24,20,17
2023-04-24,21,21
2023-04-25,8,15
2023-04-25,9,15
2023-04-25,10,23
2023-04-25,11,28
2023-04-25,12,37
2023-04-25,13,33
2023-04-25,14,27
2023-04-25,15,19
2023-04-25,16,37
2023-04-25,17,31
2023-04-25,18,39
2023-04-25,19,22
2023-04-25,20,24
2023-04-25,21,15
2023-04-26,8,18
2023-04-26,9,26
2023-04-26,10,14
2023-04-26,11,35
2023-04-26,12,39
2023-04-26,13,44
2023-04-26,14,22
2023-04-26,15,15
2023-04-26,16,25
2023-04-26,17,40
2023-04-26,18,32
2023-04-26,19,27
2023-04-26,20,15
2023-04-26,21,26
2023-04-27,8,18
2023-04-27,9,20
2023-04-27,10,19
2023-04-27,11,21
2023-04-27,12,31
2023-04-27,13,34
2023-04-27,14,23
2023-04-27,15,19
2023-04-27,16,36
2023-04-27,17,39
2023-04-27,18,42
2023-04-27,19,23
2023-04-27,20,16
2023-04-27,21,12
2023-04-28,8,24
2023-04-28,9,21
2023-04-28,10,19
2023-04-28,11,28
2023-04-28,12,29
2023-04-28,13,42
2023-04-28,14,21
2023-04-28,15,24
2023-04-28,16,34
2023-04-28,17,34
2023-04-28,18,32
2023-04-28,19,28
2023-04-28,20,19
2023-04-28,21,17
2023-04-29,8,46
2023-04-29,9,26
2023-04-29,10,32
2023-04-29,11,48
2023-04-29,12,56
2023-04-29,13,55
2023-04-29,14,44
2023-04-29,15,43
2023-04-29,16,56
2023-04-29,17,49
2023-04-29,18,62
2023-04-29,19,37
2023-04-29,20,37
2023-04-29,21,40
2023-04-30,8,38
2023-04-30,9,33
2023-04-30,10,37
2023-04-30,11,53
2023-04-30,12,60
2023-04-30,13,44
2023-04-30,14,31
2023-04-30,15,39
2023-04-30,16,59
2023-04-30,17,58
2023-04-30,18,52
2023-04-30,19,33
2023-04-30,20,37
2023-04-30,21,40
2023-05-01,8,18
2023-05-01,9,14
2023-05-01,10,17
2023-05-01,11,30
2023-05-01,12,27
2023-05-01,13,24
2023-05-01,14,18
2023-05-01,15,13
2023-05-01,16,32
2023-05-01,17,28
2023-05-01,18,29
2023-05-01,19,16
2023-05-01,20,12
2023-05-01,21,28
2023-05-02,8,27
2023-05-02,9,13
2023-05-02,10,16
2023-05-02,11,32
2023-05-02,12,33
2023-05-02,13,37
2023-05-02,14,15
2023-05-02,15,22
2023-05-02,16,24
2023-05-02,17,43
2023-05-02,18,28
2023-05-02,19,22
2023-05-02,20,24
2023-05-02,21,15
2023-05-03,8,19
2023-05-03,9,21
2023-05-03,10,23
2023-05-03,11,31
2023-05-03,12,29
2023-05-03,13,29
2023-05-03,14,19
2023-05-03,15,27
2023-05-03,16,32
2023-05-03,17,33
2023-05-03,18,39
2023-05-03,19,22
2023-05-03,20,24
2023-05-03,21,19
2023-05-04,8,24
2023-05-04,9,23
2023-05-04,10,21
2023-05-04,11,21
2023-05-04,12,32
2023-05-04,13,35
2023-05-04,14,22
2023-05-04,15,29
2023-05-04,16,35
2023-05-04,17,30
2023-05-04,18,33
2023-05-04,19,29
2023-05-04,20,11
2023-05-04,21,23
2023-05-05,8,14
2023-05-05,9,18
2023-05-05,10,22
2023-05-05,11,32
2023-05-05,12,35
2023-05-05,13,25
2023-05-05,14,15
2023-05-05,15,20
2023-05-05,16,26
2023-05-05,17,34
2023-05-05,18,39
2023-05-05,19,27
2023-05-05,20,25
2023-05-05,21,19
2023-05-06,8,39
2023-05-06,9,41
2023-05-06,10,47
2023-05-06,11,56
2023-05-06,12,49
2023-05-06,13,50
2023-05-06,14,45
2023-05-06,15,33
2023-05-06,16,64
2023-05-06,17,49
2023-05-06,18,59
2023-05-06,19,45
2023-05-06,20,42
2023-05-06,21,46
2023-05-07,8,38
2023-05-07,9,44
2023-05-07,10,43
2023-05-07,11,49
2023-05-07,12,48
2023-05-07,13,51
2023-05-07,14,48
2023-05-07,15,43
2023-05-07,16,55
2023-05-07,17,47
2023-05-07,18,49
2023-05-07,19,44
2023-05-07,20,39
2023-05-07,21,44
2023-05-08,8,17
2023-05-08,9,21
2023-05-08,10,31
2023-05-08,11,25
2023-05-08,12,32
2023-05-08,13,28
2023-05-08,14,18
2023-05-08,15,9
2023-05-08,16,31
2023-05-08,17,30
2023-05-08,18,31
2023-05-08,19,21
2023-05-08,20,23
2023-05-08,21,25
2023-05-09,8,19
2023-05-09,9,24
2023-05-09,10,17
2023-05-09,11,25
2023-05-09,12,27
2023-05-09,13,38
2023-05-09,14,23
2023-05-09,15,18
2023-05-09,16,36
2023-05-09,17,24
2023-05-09,18,45
2023-05-09,19,32
2023-05-09,20,19
2023-05-09,21,18
2023-05-10,8,20
2023-05-10,9,19
2023-05-10,10,19
2023-05-10,11,35
2023-05-10,12,32
2023-05-10,13,27
2023-05-10,14,21
2023-05-10,15,19
2023-05-10,16,41
2023-05-10,17,30
2023-05-10,18,25
2023-05-10,19,28
2023-05-10,20,19
2023-05-10,21,29
2023-05-11,8,12
2023-05-11,9,20
2023-05-11,10,22
2023-05-11,11,33
2023-05-11,12,30
2023-05-11,13,35
2023-05-11,14,20
2023-05-11,15,13
2023-05-11,16,28
2023-05-11,17,34
2023-05-11,18,41
2023-05-11,19,13
2023-05-11,20,25
2023-05-11,21,15
2023-05-12,8,21
2023-05-12,9,24
2023-05-12,10,18
2023-05-12,11,22
2023-05-12,12,26
2023-05-12,13,32
2023-05-12,14,30
2023-05-12,15,25
2023-05-12,16,39
2023-05-12,17,28
2023-05-12,18,30
2023-05-12,19,17
2023-05-12,20,19
2023-05-12,21,20
2023-05-13,8,42
2023-05-13,9,51
2023-05-13,10,39
2023-05-13,11,43
2023-05-13,12,50
2023-05-13,13,50
2023-05-13,14,32
2023-05-13,15,42
2023-05-13,16,48
2023-05-13,17,43
2023-05-13,18,53
2023-05-13,19,39
2023-05-13,20,42
2023-05-13,21,33
2023-05-14,8,42
2023-05-14,9,37
2023-05-14,10,43
2023-05-14,11,54
2023-05-14,12,46
2023-05-14,13,45
2023-05-14,14,37
2023-05-14,15,42
2023-05-14,16,50
2023-05-14,17,54
2023-05-14,18,54
2023-05-14,19,39
2023-05-14,20,46
2023-05-14,21,35
2023-05-15,8,27
2023-05-15,9,24
2023-05-15,10,9
2023-05-15,11,27
2023-05-15,12,29
2023-05-15,13,30
2023-05-15,14,22
2023-05-15,15,15
2023-05-15,16,38
2023-05-15,17,32
2023-05-15,18,43
2023-05-15,19,11
2023-05-15,20,23
2023-05-15,21,21
2023-05-16,8,17
2023-05-16,9,22
2023-05-16,10,13
2023-05-16,11,24
2023-05-16,12,32
2023-05-16,13,33
2023-05-16,14,16
2023-05-16,15,18
2023-05-16,16,49
2023-05-16,17,41
2023-05-16,18,35
2023-05-16,19,15
2023-05-16,20,20
2023-05-16,21,12
2023-05-17,8,27
2023-05-17,9,29
2023-05-17,10,15
2023-05-17,11,26
2023-05-17,12,25
2023-05-17,13,30
2023-05-17,14,13
2023-05-17,15,26
2023-05-17,16,41
2023-05-17,17,39
2023-05-17,18,27
2023-05-17,19,16
2023-05-17,20,23
2023-05-17,21,20
2023-05-18,8,28
2023-05-18,9,24
2023-05-18,10,21
2023-05-18,11,29
2023-05-18,12,32
2023-05-18,13,30
2023-05-18,14,22
2023-05-18,15,28
2023-05-18,16,41
2023-05-18,17,34
2023-05-18,18,27
2023-05-18,19,26
2023-05-18,20,14
2023-05-18,21,19
2023-05-19,8,16
2023-05-19,9,13
2023-05-19,10,25
2023-05-19,11,25
2023-05-19,12,30
2023-05-19,13,23
2023-05-19,14,28
2023-05-19,15,17
2023-05-19,16,33
2023-05-19,17,31
2023-05-19,18,34
2023-05-19,19,19
2023-05-19,20,37
2023-05-19,21,20
2023-05-20,8,39
2023-05-20,9,46
2023-05-20,10,40
2023-05-20,11,46
2023-05-20,12,53
2023-05-20,13,50
2023-05-20,14,42
2023-05-20,15,37
2023-05-20,16,49
2023-05-20,17,51
2023-05-20,18,50
2023-05-20,19,42
2023-05-20,20,37
2023-05-20,21,29
2023-05-21,8,41
2023-05-21,9,34
2023-05-21,10,44
2023-05-21,11,45
2023-05-21,12,45
2023-05-21,13,45
2023-05-21,14,38
2023-05-21,15,41
2023-05-21,16,55
2023-05-21,17,56
2023-05-21,18,59
2023-05-21,19,40
2023-05-21,20,43
2023-05-21,21,31
2023-05-22,8,15
2023-05-22,9,24
2023-05-22,10,10
2023-05-22,11,20
2023-05-22,12,35
2023-05-22,13,31
2023-05-22,14,23
2023-05-22,15,19
2023-05-22,16,43
2023-05-22,17,33
2023-05-22,18,27
2023-05-22,19,20
2023-05-22,20,19
2023-05-22,21,23
2023-05-23,8,27
2023-05-23,9,24
2023-05-23,10,15
2023-05-23,11,25
2023-05-23,12,30
2023-05-23,13,17
2023-05-23,14,17
2023-05-23,15,20
2023-05-23,16,36
2023-05-23,17,37
2023-05-23,18,32
2023-05-23,19,19
2023-05-23,20,23
2023-05-23,21,19
2023-05-24,8,32
2023-05-24,9,33
2023-05-24,10,24
2023-05-24,11,27
2023-05-24,12,38
2023-05-24,13,41
2023-05-24,14,27
2023-05-24,15,25
2023-05-24,16,40
2023-05-24,17,46
2023-05-24,18,35
2023-05-24,19,15
2023-05-24,20,23
2023-05-24,21,15
2023-05-25,8,28
2023-05-25,9,21
2023-05-25,10,12
2023-05-25,11,24
2023-05-25,12,26
2023-05-25,13,34
2023-05-25,14,15
2023-05-25,15,13
2023-05-25,16,29
2023-05-25,17,42
2023-05-25,18,41
2023-05-25,19,18
2023-05-25,20,16
2023-05-25,21,15
2023-05-26,8,16
2023-05-26,9,23
2023-05-26,10,22
2023-05-26,11,25
2023-05-26,12,35
2023-05-26,13,31
2023-05-26,14,17
2023-05-26,15,9
2023-05-26,16,41
2023-05-26,17,33
2023-05-26,18,34
2023-05-26,19,17
2023-05-26,20,25
2023-05-26,21,29
2023-05-27,8,44
2023-05-27,9,45
2023-05-27,10,48
2023-05-27,11,56
2023-05-27,12,47
2023-05-27,13,47
2023-05-27,14,36
2023-05-27,15,41
2023-05-27,16,52
2023-05-27,17,53
2023-05-27,18,53
2023-05-27,19,43
2023-05-27,20,33
2023-05-27,21,43
2023-05-28,8,30
2023-05-28,9,35
2023-05-28,10,36
2023-05-28,11,52
2023-05-28,12,46
2023-05-28,13,41
2023-05-28,14,43
2023-05-28,15,39
2023-05-28,16,55
2023-05-28,17,51
2023-05-28,18,46
2023-05-28,19,36
2023-05-28,20,38
2023-05-28,21,37
2023-05-29,8,15
2023-05-29,9,25
2023-05-29,10,28
2023-05-29,11,32
2023-05-29,12,26
2023-05-29,13,32
2023-05-29,14,21
2023-05-29,15,18
2023-05-29,16,40
2023-05-29,17,32
2023-05-29,18,35
2023-05-29,19,29
2023-05-29,20,20
2023-05-29,21,24
2023-05-30,8,17
2023-05-30,9,12
2023-05-30,10,13
2023-05-30,11,30
2023-05-30,12,29
2023-05-30,13,36
2023-05-30,14,21
2023-05-30,15,15
2023-05-30,16,41
2023-05-30,17,35
2023-05-30,18,31
2023-05-30,19,18
2023-05-30,20,22
2023-05-30,21,17
2023-05-31,8,22
2023-05-31,9,18
2023-05-31,10,26
2023-05-31,11,31
2023-05-31,12,29
2023-05-31,13,23
2023-05-31,14,29
2023-05-31,15,13
2023-05-31,16,35
2023-05-31,17,30
2023-05-31,18,32
2023-05-31,19,16
2023-05-31,20,20
2023-05-31,21,21
2023-06-01,8,20
2023-06-01,9,20
2023-06-01,10,24
2023-06-01,11,31
2023-06-01,12,33
2023-06-01,13,28
2023-06-01,14,12
2023-06-01,15,30
2023-06-01,16,36
2023-06-01,17,31
2023-06-01,18,33
2023-06-01,19,18
2023-06-01,20,19
2023-06-01,21,18
2023-06-02,8,12
2023-06-02,9,18
2023-06-02,10,33
2023-06-02,11,26
2023-06-02,12,29
2023-06-02,13,27
2023-06-02,14,13
2023-06-02,15,23
2023-06-02,16,39
2023-06-02,17,34
2023-06-02,18,32
2023-06-02,19,18
2023-06-02,20,17
2023-06-02,21,20
2023-06-03,8,41
2023-06-03,9,44
2023-06-03,10,34
2023-06-03,11,57
2023-06-03,12,48
2023-06-03,13,55
2023-06-03,14,38
2023-06-03,15,50
2023-06-03,16,47
2023-06-03,17,58
2023-06-03,18,57
2023-06-03,19,36
2023-06-03,20,44
2023-06-03,21,41
2023-06-04,8,40
2023-06-04,9,38
2023-06-04,10,37
2023-06-04,11,48
2023-06-04,12,55
2023-06-04,13,50
2023-06-04,14,46
2023-06-04,15,35
2023-06-04,16,57
2023-06-04,17,51
2023-06-04,18,55
2023-06-04,19,43
2023-06-04,20,45
2023-06-04,21,45
2023-06-05,8,16
2023-06-05,9,18
2023-06-05,10,17
2023-06-05,11,37
2023-06-05,12,27
2023-06-05,13,24
2023-06-05,14,18
2023-06-05,15,20
2023-06-05,16,33
2023-06-05,17,35
2023-06-05,18,28
2023-06-05,19,19
2023-06-05,20,17
2023-06-05,21,15
2023-06-06,8,20
2023-06-06,9,20
2023-06-06,10,29
2023-06-06,11,32
2023-06-06,12,34
2023-06-06,13,39
2023-06-06,14,23
2023-06-06,15,14
2023-06-06,16,39
2023-06-06,17,38
2023-06-06,18,34
2023-06-06,19,22
2023-06-06,20,15
2023-06-06,21,19
2023-06-07,8,18
2023-06-07,9,22
2023-06-07,10,19
2023-06-07,11,29
2023-06-07,12,26
2023-06-07,13,39
2023-06-07,14,31
2023-06-07,15,24
2023-06-07,16,25
2023-06-07,17,28
2023-06-07,18,37
2023-06-07,19,30
2023-06-07,20,17
2023-06-07,21,19
2023-06-08,8,18
2023-06-08,9,14
2023-06-08,10,11
2023-06-08,11,23
2023-06-08,12,30
2023-06-08,13,26
2023-06-08,14,19
2023-06-08,15,17
2023-06-08,16,22
2023-06-08,17,33
2023-06-08,18,41
2023-06-08,19,19
2023-06-08,20,23
2023-06-08,21,22
2023-06-09,8,15
2023-06-09,9,27
2023-06-09,10,23
2023-06-09,11,31
2023-06-09,12,32
2023-06-09,13,26
2023-06-09,14,21
2023-06-09,15,33
2023-06-09,16,36
2023-06-09,17,34
2023-06-09,18,31
2023-06-09,19,35
2023-06-09,20,8
2023-06-09,21,22
2023-06-10,8,32
2023-06-10,9,36
2023-06-10,10,31
2023-06-10,11,44
2023-06-10,12,45
2023-06-10,13,42
2023-06-10,14,42
2023-06-10,15,39
2023-06-10,16,50
2023-06-10,17,55
2023-06-10,18,56
2023-06-10,19,33
2023-06-10,20,36
2023-06-10,21,40
2023-06-11,8,37
2023-06-11,9,42
2023-06-11,10,45
2023-06-11,11,47
2023-06-11,12,55
2023-06-11,13,44
2023-06-11,14,36
2023-06-11,15,39
2023-06-11,16,50
2023-06-11,17,50
2023-06-11,18,62
2023-06-11,19,46
2023-06-11,20,46
2023-06-11,21,45
2023-06-12,8,19
2023-06-12,9,19
2023-06-12,10,17
2023-06-12,11,23
2023-06-12,12,24
2023-06-12,13,26
2023-06-12,14,21
2023-06-12,15,16
2023-06-12,16,25
2023-06-12,17,39
2023-06-12,18,36
2023-06-12,19,25
2023-06-12,20,14
2023-06-12,21,34
2023-06-13,8,25
2023-06-13,9,12
2023-06-13,10,15
2023-06-13,11,20
2023-06-13,12,31
2023-06-13,13,33
2023-06-13,14,21
2023-06-13,15,17
2023-06-13,16,46
2023-06-13,17,33
2023-06-13,18,33
2023-06-13,19,24
2023-06-13,20,28
2023-06-13,21,20
2023-06-14,8,18
2023-06-14,9,17
2023-06-14,10,22
2023-06-14,11,32
2023-06-14,12,30
2023-06-14,13,22
2023-06-14,14,19
2023-06-14,15,14
2023-06-14,16,34
2023-06-14,17,32
2023-06-14,18,33
2023-06-14,19,18
2023-06-14,20,15
2023-06-14,21,16
2023-06-15,8,20
2023-06-15,9,22
2023-06-15,10,17
2023-06-15,11,28
2023-06-15,12,32
2023-06-15,13,28
2023-06-15,14,16
2023-06-15,15,19
2023-06-15,16,27
2023-06-15,17,38
2023-06-15,18,35
2023-06-15,19,26
2023-06-15,20,9
2023-06-15,21,11
2023-06-16,8,19
2023-06-16,9,12
2023-06-16,10,23
2023-06-16,11,35
2023-06-16,12,23
2023-06-16,13,25
2023-06-16,14,11
2023-06-16,15,21
2023-06-16,16,35
2023-06-16,17,32
2023-06-16,18,35
2023-06-16,19,22
2023-06-16,20,6
2023-06-16,21,23
2023-06-17,8,40
2023-06-17,9,33
2023-06-17,10,40
2023-06-17,11,47
2023-06-17,12,61
2023-06-17,13,49
2023-06-17,14,40
2023-06-17,15,38
2023-06-17,16,64
2023-06-17,17,54
2023-06-17,18,56
2023-06-17,19,45
2023-06-17,20,34
2023-06-17,21,43
2023-06-18,8,40
2023-06-18,9,40
2023-06-18,10,35
2023-06-18,11,47
2023-06-18,12,50
2023-06-18,13,41
2023-06-18,14,35
2023-06-18,15,45
2023-06-18,16,62
2023-06-18,17,58
2023-06-18,18,59
2023-06-18,19,45
2023-06-18,20,35
2023-06-18,21,46
2023-06-19,8,23
2023-06-19,9,15
2023-06-19,10,13
2023-06-19,11,22
2023-06-19,12,33
2023-06-19,13,36
2023-06-19,14,22
2023-06-19,15,21
2023-06-19,16,45
2023-06-19,17,35
2023-06-19,18,45
2023-06-19,19,19
2023-06-19,20,21
2023-06-19,21,18
2023-06-20,8,23
2023-06-20,9,23
2023-06-20,10,24
2023-06-20,11,23
2023-06-20,12,34
2023-06-20,13,23
2023-06-20,14,27
2023-06-20,15,19
2023-06-20,16,31
2023-06-20,17,41
2023-06-20,18,33
2023-06-20,19,13
2023-06-20,20,18
2023-06-20,21,30
2023-06-21,8,25
2023-06-21,9,20
2023-06-21,10,25
2023-06-21,11,36
2023-06-21,12,29
2023-06-21,13,29
2023-06-21,14,25
2023-06-21,15,16
2023-06-21,16,29
2023-06-21,17,28
2023-06-21,18,40
2023-06-21,19,8
2023-06-21,20,25
2023-06-21,21,11
2023-06-22,8,23
2023-06-22,9,16
2023-06-22,10,21
2023-06-22,11,25
2023-06-22,12,35
2023-06-22,13,28
2023-06-22,14,18
2023-06-22,15,22
2023-06-22,16,31
2023-06-22,17,36
2023-06-22,18,39
2023-06-22,19,20
2023-06-22,20,16
2023-06-22,21,21
2023-06-23,8,13
2023-06-23,9,21
2023-06-23,10,21
2023-06-23,11,26
2023-06-23,12,32
2023-06-23,13,33
2023-06-23,14,19
2023-06-23,15,18
2023-06-23,16,35
2023-06-23,17,29
2023-06-23,18,37
2023-06-23,19,22
2023-06-23,20,23
2023-06-23,21,24
2023-06-24,8,40
2023-06-24,9,37
2023-06-24,10,36
2023-06-24,11,48
2023-06-24,12,49
2023-06-24,13,43
2023-06-24,14,36
2023-06-24,15,36
2023-06-24,16,52
2023-06-24,17,53
2023-06-24,18,58
2023-06-24,19,36
2023-06-24,20,45
2023-06-24,21,33
2023-06-25,8,39
2023-06-25,9,37
2023-06-25,10,41
2023-06-25,11,44
2023-06-25,12,46
2023-06-25,13,56
2023-06-25,14,31
2023-06-25,15,41
2023-06-25,16,57
2023-06-25,17,51
2023-06-25,18,47
2023-06-25,19,47
2023-06-25,20,40
2023-06-25,21,44
2023-06-26,8,15
2023-06-26,9,24
2023-06-26,10,17
2023-06-26,11,32
2023-06-26,12,23
2023-06-26,13,30
2023-06-26,14,19
2023-06-26,15,14
2023-06-26,16,33
2023-06-26,17,31
2023-06-26,18,41
2023-06-26,19,24
2023-06-26,20,14
2023-06-26,21,18
2023-06-27,8,16
2023-06-27,9,22
2023-06-27,10,22
2023-06-27,11,31
2023-06-27,12,31
2023-06-27,13,39
2023-06-27,14,17
2023-06-27,15,12
2023-06-27,16,33
2023-06-27,17,36
2023-06-27,18,30
2023-06-27,19,17
2023-06-27,20,22
2023-06-27,21,21
2023-06-28,8,17
2023-06-28,9,18
2023-06-28,10,30
2023-06-28,11,19
2023-06-28,12,31
2023-06-28,13,28
2023-06-28,14,13
2023-06-28,15,10
2023-06-28,16,38
2023-06-28,17,30
2023-06-28,18,33
2023-06-28,19,15
2023-06-28,20,21
2023-06-28,21,22
2023-06-29,8,23
2023-06-29,9,28
2023-06-29,10,24
2023-06-29,11,24
2023-06-29,12,24
2023-06-29,13,22
2023-06-29,14,27
2023-06-29,15,20
2023-06-29,16,27
2023-06-29,17,33
2023-06-29,18,28
2023-06-29,19,23
2023-06-29,20,20
2023-06-29,21,10
2023-06-30,8,28
2023-06-30,9,21
2023-06-30,10,25
2023-06-30,11,32
2023-06-30,12,33
2023-06-30,13,34
2023-06-30,14,15
2023-06-30,15,24
2023-06-30,16,38
2023-06-30,17,35
2023-06-30,18,36
2023-06-30,19,26
2023-06-30,20,20
2023-06-30,21,17
2023-07-01,8,24
2023-07-01,9,33
2023-07-01,10,38
2023-07-01,11,47
2023-07-01,12,52
2023-07-01,13,47
2023-07-01,14,40
2023-07-01,15,43
2023-07-01,16,54
2023-07-01,17,49
2023-07-01,18,62
2023-07-01,19,43
2023-07-01,20,37
2023-07-01,21,34
2023-07-02,8,39
2023-07-02,9,41
2023-07-02,10,38
2023-07-02,11,48
2023-07-02,12,50
2023-07-02,13,53
2023-07-02,14,39
2023-07-02,15,44
2023-07-02,16,52
2023-07-02,17,56
2023-07-02,18,62
2023-07-02,19,40
2023-07-02,20,38
2023-07-02,21,41
2023-07-03,8,12
2023-07-03,9,22
2023-07-03,10,13
2023-07-03,11,38
2023-07-03,12,34
2023-07-03,13,25
2023-07-03,14,18
2023-07-03,15,22
2023-07-03,16,33
2023-07-03,17,36
2023-07-03,18,31
2023-07-03,19,12
2023-07-03,20,18
2023-07-03,21,31
2023-07-04,8,20
2023-07-04,9,17
2023-07-04,10,24
2023-07-04,11,34
2023-07-04,12,25
2023-07-04,13,35
2023-07-04,14,19
2023-07-04,15,17
2023-07-04,16,46
2023-07-04,17,35
2023-07-04,18,30
2023-07-04,19,22
2023-07-04,20,27
2023-07-04,21,21
2023-07-05,8,20
2023-07-05,9,18
2023-07-05,10,17
2023-07-05,11,34
2023-07-05,12,31
2023-07-05,13,36
2023-07-05,14,12
2023-07-05,15,19
2023-07-05,16,33
2023-07-05,17,41
2023-07-05,18,34
2023-07-05,19,16
2023-07-05,20,24
2023-07-05,21,25
2023-07-06,8,15
2023-07-06,9,19
2023-07-06,10,16
2023-07-06,11,29
2023-07-06,12,25
2023-07-06,13,23
2023-07-06,14,17
2023-07-06,15,19
2023-07-06,16,30
2023-07-06,17,37
2023-07-06,18,30
2023-07-06,19,13
2023-07-06,20,15
2023-07-06,21,16
2023-07-07,8,19
2023-07-07,9,16
2023-07-07,10,14
2023-07-07,11,26
2023-07-07,12,25
2023-07-07,13,32
2023-07-07,14,29
2023-07-07,15,22
2023-07-07,16,37
2023-07-07,17,42
2023-07-07,18,28
2023-07-07,19,28
2023-07-07,20,23
2023-07-07,21,16
2023-07-08,8,36
2023-07-08,9,39
2023-07-08,10,42
2023-07-08,11,65
2023-07-08,12,48
2023-07-08,13,49
2023-07-08,14,36
2023-07-08,15,32
2023-07-08,16,46
2023-07-08,17,57
2023-07-08,18,52
2023-07-08,19,35
2023-07-08,20,40
2023-07-08,21,42
2023-07-09,8,47
2023-07-09,9,37
2023-07-09,10,42
2023-07-09,11,47
2023-07-09,12,44
2023-07-09,13,45
2023-07-09,14,32
2023-07-09,15,41
2023-07-09,16,42
2023-07-09,17,57
2023-07-09,18,55
2023-07-09,19,41
2023-07-09,20,41
2023-07-09,21,29
2023-07-10,8,25
2023-07-10,9,22
2023-07-10,10,19
2023-07-10,11,24
2023-07-10,12,35
2023-07-10,13,21
2023-07-10,14,23
2023-07-10,15,22
2023-07-10,16,38
2023-07-10,17,33
2023-07-10,18,29
2023-07-10,19,6
2023-07-10,20,23
2023-07-10,21,15
2023-07-11,8,27
2023-07-11,9,20
2023-07-11,10,25
2023-07-11,11,22
2023-07-11,12,37
2023-07-11,13,34
2023-07-11,14,21
2023-07-11,15,24
2023-07-11,16,35
2023-07-11,17,32
2023-07-11,18,31
2023-07-11,19,11
2023-07-11,20,26
2023-07-11,21,21
2023-07-12,8,27
2023-07-12,9,16
2023-07-12,10,27
2023-07-12,11,34
2023-07-12,12,27
2023-07-12,13,33
2023-07-12,14,18
2023-07-12,15,18
2023-07-12,16,34
2023-07-12,17,35
2023-07-12,18,34
2023-07-12,19,19
2023-07-12,20,22
2023-07-12,21,21
2023-07-13,8,15
2023-07-13,9,22
2023-07-13,10,18
2023-07-13,11,33
2023-07-13,12,31
2023-07-13,13,28
2023-07-13,14,20
2023-07-13,15,17
2023-07-13,16,33
2023-07-13,17,35
2023-07-13,18,27
2023-07-13,19,21
2023-07-13,20,24
2023-07-13,21,25
2023-07-14,8,18
2023-07-14,9,13
2023-07-14,10,29
2023-07-14,11,38
2023-07-14,12,29
2023-07-14,13,35
2023-07-14,14,24
2023-07-14,15,31
2023-07-14,16,32
2023-07-14,17,27
2023-07-14,18,35
2023-07-14,19,18
2023-07-14,20,23
2023-07-14,21,13
2023-07-15,8,34
2023-07-15,9,44
2023-07-15,10,39
2023-07-15,11,51
2023-07-15,12,52
2023-07-15,13,49
2023-07-15,14,43
2023-07-15,15,39
2023-07-15,16,48
2023-07-15,17,52
2023-07-15,18,53
2023-07-15,19,32
2023-07-15,20,47
2023-07-15,21,46
2023-07-16,8,32
2023-07-16,9,41
2023-07-16,10,39
2023-07-16,11,61
2023-07-16,12,47
2023-07-16,13,49
2023-07-16,14,36
2023-07-16,15,41
2023-07-16,16,47
2023-07-16,17,53
2023-07-16,18,57
2023-07-16,19,36
2023-07-16,20,35
2023-07-16,21,41
2023-07-17,8,20
2023-07-17,9,24
2023-07-17,10,23
2023-07-17,11,25
2023-07-17,12,29
2023-07-17,13,36
2023-07-17,14,19
2023-07-17,15,21
2023-07-17,16,29
2023-07-17,17,40
2023-07-17,18,33
2023-07-17,19,17
2023-07-17,20,24
2023-07-17,21,20
2023-07-18,8,25
2023-07-18,9,14
2023-07-18,10,17
2023-07-18,11,26
2023-07-18,12,35
2023-07-18,13,33
2023-07-18,14,30
2023-07-18,15,13
2023-07-18,16,38
2023-07-18,17,41
2023-07-18,18,33
2023-07-18,19,19
2023-07-18,20,20
2023-07-18,21,18
2023-07-19,8,21
2023-07-19,9,14
2023-07-19,10,16
2023-07-19,11,31
2023-07-19,12,26
2023-07-19,13,37
2023-07-19,14,26
2023-07-19,15,17
2023-07-19,16,37
2023-07-19,17,33
2023-07-19,18,32
2023-07-19,19,25
2023-07-19,20,7
2023-07-19,21,22
2023-07-20,8,24
2023-07-20,9,24
2023-07-20,10,19
2023-07-20,11,28
2023-07-20,12,37
2023-07-20,13,34
2023-07-20,14,19
2023-07-20,15,16
2023-07-20,16,27
2023-07-20,17,40
2023-07-20,18,25
2023-07-20,19,22
2023-07-20,20,12
2023-07-20,21,17
2023-07-21,8,10
2023-07-21,9,20
2023-07-21,10,12
2023-07-21,11,34
2023-07-21,12,22
2023-07-21,13,31
2023-07-21,14,17
2023-07-21,15,15
2023-07-21,16,20
2023-07-21,17,35
2023-07-21,18,34
2023-07-21,19,17
2023-07-21,20,25
2023-07-21,21,16
2023-07-22,8,35
2023-07-22,9,36
2023-07-22,10,36
2023-07-22,11,55
2023-07-22,12,56
2023-07-22,13,47
2023-07-22,14,41
2023-07-22,15,57
2023-07-22,16,48
2023-07-22,17,48
2023-07-22,18,53
2023-07-22,19,41
2023-07-22,20,31
2023-07-22,21,34
2023-07-23,8,42
2023-07-23,9,45
2023-07-23,10,38
2023-07-23,11,53
2023-07-23,12,58
2023-07-23,13,46
2023-07-23,14,49
2023-07-23,15,30
2023-07-23,16,46
2023-07-23,17,48
2023-07-23,18,58
2023-07-23,19,37
2023-07-23,20,48
2023-07-23,21,39
2023-07-24,8,22
2023-07-24,9,24
2023-07-24,10,19
2023-07-24,11,24
2023-07-24,12,17
2023-07-24,13,34
2023-07-24,14,23
2023-07-24,15,19
2023-07-24,16,32
2023-07-24,17,30
2023-07-24,18,28
2023-07-24,19,29
2023-07-24,20,16
2023-07-24,21,22
2023-07-25,8,10
2023-07-25,9,24
2023-07-25,10,14
2023-07-25,11,33
2023-07-25,12,33
2023-07-25,13,30
2023-07-25,14,18
2023-07-25,15,14
2023-07-25,16,43
2023-07-25,17,34
2023-07-25,18,34
2023-07-25,19,21
2023-07-25,20,26
2023-07-25,21,20
2023-07-26,8,21
2023-07-26,9,22
2023-07-26,10,20
2023-07-26,11,24
2023-07-26,12,36
2023-07-26,13,32
2023-07-26,14,18
2023-07-26,15,13
2023-07-26,16,47
2023-07-26,17,36
2023-07-26,18,28
2023-07-26,19,10
2023-07-26,20,24
2023-07-26,21,17
2023-07-27,8,15
2023-07-27,9,26
2023-07-27,10,26
2023-07-27,11,23
2023-07-27,12,37
2023-07-27,13,29
2023-07-27,14,15
2023-07-27,15,16
2023-07-27,16,33
2023-07-27,17,34
2023-07-27,18,38
2023-07-27,19,25
2023-07-27,20,18
2023-07-27,21,14
2023-07-28,8,13
2023-07-28,9,16
2023-07-28,10,23
2023-07-28,11,30
2023-07-28,12,39
2023-07-28,13,26
2023-07-28,14,26
2023-07-28,15,16
2023-07-28,16,36
2023-07-28,17,24
2023-07-28,18,22
2023-07-28,19,16
2023-07-28,20,20
2023-07-28,21,18
2023-07-29,8,38
2023-07-29,9,41
2023-07-29,10,36
2023-07-29,11,47
2023-07-29,12,48
2023-07-29,13,46
2023-07-29,14,47
2023-07-29,15,36
2023-07-29,16,54
2023-07-29,17,51
2023-07-29,18,49
2023-07-29,19,44
2023-07-29,20,38
2023-07-29,21,38
2023-07-30,8,40
2023-07-30,9,33
2023-07-30,10,32
2023-07-30,11,46
2023-07-30,12,53
2023-07-30,13,47
2023-07-30,14,34
2023-07-30,15,43
2023-07-30,16,59
2023-07-30,17,56
2023-07-30,18,62
2023-07-30,19,41
2023-07-30,20,44
2023-07-30,21,38
2023-07-31,8,21
2023-07-31,9,17
2023-07-31,10,23
2023-07-31,11,27
2023-07-31,12,39
2023-07-31,13,36
2023-07-31,14,15
2023-07-31,15,22
2023-07-31,16,32
2023-07-31,17,32
2023-07-31,18,40
2023-07-31,19,18
2023-07-31,20,24
2023-07-31,21,17
2023-08-01,8,24
2023-08-01,9,14
2023-08-01,10,17
2023-08-01,11,40
2023-08-01,12,31
2023-08-01,13,22
2023-08-01,14,18
2023-08-01,15,26
2023-08-01,16,31
2023-08-01,17,42
2023-08-01,18,37
2023-08-01,19,26
2023-08-01,20,17
2023-08-01,21,20
2023-08-02,8,15
2023-08-02,9,18
2023-08-02,10,16
2023-08-02,11,32
2023-08-02,12,40
2023-08-02,13,24
2023-08-02,14,20
2023-08-02,15,16
2023-08-02,16,31
2023-08-02,17,33
2023-08-02,18,35
2023-08-02,19,22
2023-08-02,20,25
2023-08-02,21,17
2023-08-03,8,26
2023-08-03,9,22
2023-08-03,10,24
2023-08-03,11,27
2023-08-03,12,26
2023-08-03,13,36
2023-08-03,14,31
2023-08-03,15,24
2023-08-03,16,35
2023-08-03,17,25
2023-08-03,18,36
2023-08-03,19,23
2023-08-03,20,19
2023-08-03,21,24
2023-08-04,8,18
2023-08-04,9,15
2023-08-04,10,13
2023-08-04,11,34
2023-08-04,12,20
2023-08-04,13,29
2023-08-04,14,20
2023-08-04,15,37
2023-08-04,16,29
2023-08-04,17,32
2023-08-04,18,35
2023-08-04,19,22
2023-08-04,20,15
2023-08-04,21,21
2023-08-05,8,39
2023-08-05,9,31
2023-08-05,10,39
2023-08-05,11,56
2023-08-05,12,48
2023-08-05,13,53
2023-08-05,14,46
2023-08-05,15,42
2023-08-05,16,46
2023-08-05,17,51
2023-08-05,18,61
2023-08-05,19,44
2023-08-05,20,47
2023-08-05,21,35
2023-08-06,8,34
2023-08-06,9,44
2023-08-06,10,42
2023-08-06,11,56
2023-08-06,12,54
2023-08-06,13,51
2023-08-06,14,44
2023-08-06,15,35
2023-08-06,16,58
2023-08-06,17,48
2023-08-06,18,52
2023-08-06,19,31
2023-08-06,20,39
2023-08-06,21,36
2023-08-07,8,22
2023-08-07,9,20
2023-08-07,10,23
2023-08-07,11,30
2023-08-07,12,41
2023-08-07,13,30
2023-08-07,14,21
2023-08-07,15,20
2023-08-07,16,42
2023-08-07,17,34
2023-08-07,18,33
2023-08-07,19,16
2023-08-07,20,16
2023-08-07,21,13
2023-08-08,8,19
2023-08-08,9,24
2023-08-08,10,14
2023-08-08,11,29
2023-08-08,12,28
2023-08-08,13,29
2023-08-08,14,19
2023-08-08,15,14
2023-08-08,16,37
2023-08-08,17,39
2023-08-08,18,35
2023-08-08,19,18
2023-08-08,20,23
2023-08-08,21,26
2023-08-09,8,25
2023-08-09,9,22
2023-08-09,10,13
2023-08-09,11,35
2023-08-09,12,36
2023-08-09,13,35
2023-08-09,14,9
2023-08-09,15,28
2023-08-09,16,27
2023-08-09,17,36
2023-08-09,18,26
2023-08-09,19,19
2023-08-09,20,13
2023-08-09,21,14
2023-08-10,8,3
2023-08-10,9,20
2023-08-10,10,19
2023-08-10,11,29
2023-08-10,12,31
2023-08-10,13,26
2023-08-10,14,14
2023-08-10,15,28
2023-08-10,16,46
2023-08-10,17,42
2023-08-10,18,30
2023-08-10,19,19
2023-08-10,20,25
2023-08-10,21,21
2023-08-11,8,15
2023-08-11,9,28
2023-08-11,10,15
2023-08-11,11,23
2023-08-11,12,31
2023-08-11,13,21
2023-08-11,14,15
2023-08-11,15,20
2023-08-11,16,24
2023-08-11,17,38
2023-08-11,18,33
2023-08-11,19,20
2023-08-11,20,25
2023-08-11,21,25
2023-08-12,8,39
2023-08-12,9,45
2023-08-12,10,46
2023-08-12,11,49
2023-08-12,12,43
2023-08-12,13,42
2023-08-12,14,37
2023-08-12,15,42
2023-08-12,16,49
2023-08-12,17,55
2023-08-12,18,61
2023-08-12,19,43
2023-08-12,20,40
2023-08-12,21,44
2023-08-13,8,40
2023-08-13,9,37
2023-08-13,10,31
2023-08-13,11,41
2023-08-13,12,42
2023-08-13,13,54
2023-08-13,14,44
2023-08-13,15,37
2023-08-13,16,60
2023-08-13,17,55
2023-08-13,18,53
2023-08-13,19,36
2023-08-13,20,44
2023-08-13,21,38
2023-08-14,8,16
2023-08-14,9,17
2023-08-14,10,3
2023-08-14,11,34
2023-08-14,12,28
2023-08-14,13,22
2023-08-14,14,24
2023-08-14,15,14
2023-08-14,16,36
2023-08-14,17,35
2023-08-14,18,33
2023-08-14,19,26
2023-08-14,20,17
2023-08-14,21,15
2023-08-15,8,13
2023-08-15,9,19
2023-08-15,10,32
2023-08-15,11,28
2023-08-15,12,27
2023-08-15,13,34
2023-08-15,14,13
2023-08-15,15,16
2023-08-15,16,42
2023-08-15,17,22
2023-08-15,18,32
2023-08-15,19,16
2023-08-15,20,19
2023-08-15,21,18
2023-08-16,8,25
2023-08-16,9,24
2023-08-16,10,15
2023-08-16,11,27
2023-08-16,12,29
2023-08-16,13,31
2023-08-16,14,11
2023-08-16,15,16
2023-08-16,16,32
2023-08-16,17,32
2023-08-16,18,29
2023-08-16,19,15
2023-08-16,20,19
2023-08-16,21,20
2023-08-17,8,30
2023-08-17,9,6
2023-08-17,10,21
2023-08-17,11,28
2023-08-17,12,24
2023-08-17,13,37
2023-08-17,14,26
2023-08-17,15,26
2023-08-17,16,34
2023-08-17,17,24
2023-08-17,18,34
2023-08-17,19,14
2023-08-17,20,24
2023-08-17,21,27
2023-08-18,8,24
2023-08-18,9,21
2023-08-18,10,16
2023-08-18,11,28
2023-08-18,12,28
2023-08-18,13,27
2023-08-18,14,20
2023-08-18,15,21
2023-08-18,16,34
2023-08-18,17,29
2023-08-18,18,30
2023-08-18,19,26
2023-08-18,20,16
2023-08-18,21,16
2023-08-19,8,54
2023-08-19,9,46
2023-08-19,10,40
2023-08-19,11,48
2023-08-19,12,48
2023-08-19,13,40
2023-08-19,14,37
2023-08-19,15,41
2023-08-19,16,53
2023-08-19,17,50
2023-08-19,18,62
2023-08-19,19,32
2023-08-19,20,39
2023-08-19,21,39
2023-08-20,8,40
2023-08-20,9,42
2023-08-20,10,41
2023-08-20,11,54
2023-08-20,12,37
2023-08-20,13,51
2023-08-20,14,34
2023-08-20,15,36
2023-08-20,16,61
2023-08-20,17,51
2023-08-20,18,52
2023-08-20,19,35
2023-08-20,20,48
2023-08-20,21,45
2023-08-21,8,15
2023-08-21,9,23
2023-08-21,10,31
2023-08-21,11,28
2023-08-21,12,27
2023-08-21,13,23
2023-08-21,14,21
2023-08-21,15,23
2023-08-21,16,37
2023-08-21,17,34
2023-08-21,18,42
2023-08-21,19,19
2023-08-21,20,22
2023-08-21,21,26
2023-08-22,8,19
2023-08-22,9,11
2023-08-22,10,24
2023-08-22,11,31
2023-08-22,12,26
2023-08-22,13,29
2023-08-22,14,18
2023-08-22,15,8
2023-08-22,16,45
2023-08-22,17,39
2023-08-22,18,27
2023-08-22,19,16
2023-08-22,20,21
2023-08-22,21,20
2023-08-23,8,25
2023-08-23,9,22
2023-08-23,10,24
2023-08-23,11,30
2023-08-23,12,28
2023-08-23,13,38
2023-08-23,14,22
2023-08-23,15,22
2023-08-23,16,47
2023-08-23,17,36
2023-08-23,18,44
2023-08-23,19,10
2023-08-23,20,18
2023-08-23,21,18
2023-08-24,8,20
2023-08-24,9,20
2023-08-24,10,18
2023-08-24,11,30
2023-08-24,12,22
2023-08-24,13,33
2023-08-24,14,16
2023-08-24,15,19
2023-08-24,16,39
2023-08-24,17,29
2023-08-24,18,31
2023-08-24,19,34
2023-08-24,20,19
2023-08-24,21,21
2023-08-25,8,18
2023-08-25,9,22
2023-08-25,10,21
2023-08-25,11,25
2023-08-25,12,21
2023-08-25,13,31
2023-08-25,14,17
2023-08-25,15,21
2023-08-25,16,42
2023-08-25,17,31
2023-08-25,18,31
2023-08-25,19,23
2023-08-25,20,24
2023-08-25,21,26
2023-08-26,8,45
2023-08-26,9,38
2023-08-26,10,34
2023-08-26,11,55
2023-08-26,12,65
2023-08-26,13,51
2023-08-26,14,42
2023-08-26,15,32
2023-08-26,16,52
2023-08-26,17,53
2023-08-26,18,52
2023-08-26,19,37
2023-08-26,20,47
2023-08-26,21,35
2023-08-27,8,32
2023-08-27,9,40
2023-08-27,10,47
2023-08-27,11,45
2023-08-27,12,49
2023-08-27,13,52
2023-08-27,14,37
2023-08-27,15,44
2023-08-27,16,60
2023-08-27,17,52
2023-08-27,18,61
2023-08-27,19,50
2023-08-27,20,35
2023-08-27,21,29
2023-08-28,8,16
2023-08-28,9,17
2023-08-28,10,16
2023-08-28,11,25
2023-08-28,12,37
2023-08-28,13,32
2023-08-28,14,19
2023-08-28,15,31
2023-08-28,16,29
2023-08-28,17,36
2023-08-28,18,34
2023-08-28,19,18
2023-08-28,20,33
2023-08-28,21,19
2023-08-29,8,14
2023-08-29,9,23
2023-08-29,10,27
2023-08-29,11,32
2023-08-29,12,21
2023-08-29,13,37
2023-08-29,14,21
2023-08-29,15,17
2023-08-29,16,37
2023-08-29,17,34
2023-08-29,18,31
2023-08-29,19,13
2023-08-29,20,23
2023-08-29,21,16
2023-08-30,8,22
2023-08-30,9,14
2023-08-30,10,21
2023-08-30,11,27
2023-08-30,12,25
2023-08-30,13,26
2023-08-30,14,13
2023-08-30,15,19
2023-08-30,16,37
2023-08-30,17,31
2023-08-30,18,39
2023-08-30,19,17
2023-08-30,20,18
2023-08-30,21,15
2023-08-31,8,23
2023-08-31,9,12
2023-08-31,10,12
2023-08-31,11,23
2023-08-31,12,29
2023-08-31,13,23
2023-08-31,14,21
2023-08-31,15,20
2023-08-31,16,20
2023-08-31,17,44
2023-08-31,18,42
2023-08-31,19,16
2023-08-31,20,26
2023-08-31,21,18
2023-09-01,8,27
2023-09-01,9,19
2023-09-01,10,23
2023-09-01,11,29
2023-09-01,12,28
2023-09-01,13,35
2023-09-01,14,27
2023-09-01,15,26
2023-09-01,16,34
2023-09-01,17,45
2023-09-01,18,30
2023-09-01,19,18
2023-09-01,20,12
2023-09-01,21,20
2023-09-02,8,36
2023-09-02,9,32
2023-09-02,10,41
2023-09-02,11,45
2023-09-02,12,45
2023-09-02,13,60
2023-09-02,14,37
2023-09-02,15,32
2023-09-02,16,59
2023-09-02,17,57
2023-09-02,18,47
2023-09-02,19,40
2023-09-02,20,42
2023-09-02,21,38
2023-09-03,8,42
2023-09-03,9,36
2023-09-03,10,45
2023-09-03,11,54
2023-09-03,12,47
2023-09-03,13,54
2023-09-03,14,36
2023-09-03,15,33
2023-09-03,16,51
2023-09-03,17,51
2023-09-03,18,54
2023-09-03,19,39
2023-09-03,20,46
2023-09-03,21,35
2023-09-04,8,29
2023-09-04,9,16
2023-09-04,10,28
2023-09-04,11,30
2023-09-04,12,29
2023-09-04,13,34
2023-09-04,14,21
2023-09-04,15,33
2023-09-04,16,36
2023-09-04,17,30
2023-09-04,18,41
2023-09-04,19,18
2023-09-04,20,21
2023-09-04,21,13
2023-09-05,8,17
2023-09-05,9,21
2023-09-05,10,14
2023-09-05,11,30
2023-09-05,12,35
2023-09-05,13,23
2023-09-05,14,15
2023-09-05,15,24
2023-09-05,16,36
2023-09-05,17,34
2023-09-05,18,28
2023-09-05,19,22
2023-09-05,20,34
2023-09-05,21,25
2023-09-06,8,25
2023-09-06,9,25
2023-09-06,10,18
2023-09-06,11,23
2023-09-06,12,26
2023-09-06,13,26
2023-09-06,14,31
2023-09-06,15,25
2023-09-06,16,29
2023-09-06,17,39
2023-09-06,18,34
2023-09-06,19,17
2023-09-06,20,22
2023-09-06,21,13
2023-09-07,8,28
2023-09-07,9,15
2023-09-07,10,23
2023-09-07,11,36
2023-09-07,12,31
2023-09-07,13,36
2023-09-07,14,14
2023-09-07,15,29
2023-09-07,16,28
2023-09-07,17,38
2023-09-07,18,29
2023-09-07,19,17
2023-09-07,20,26
2023-09-07,21,21
2023-09-08,8,13
2023-09-08,9,15
2023-09-08,10,18
2023-09-08,11,26
2023-09-08,12,27
2023-09-08,13,32
2023-09-08,14,11
2023-09-08,15,27
2023-09-08,16,37
2023-09-08,17,28
2023-09-08,18,32
2023-09-08,19,17
2023-09-08,20,24
2023-09-08,21,19
2023-09-09,8,45
2023-09-09,9,37
2023-09-09,10,47
2023-09-09,11,48
2023-09-09,12,47
2023-09-09,13,38
2023-09-09,14,37
2023-09-09,15,41
2023-09-09,16,49
2023-09-09,17,56
2023-09-09,18,48
2023-09-09,19,36
2023-09-09,20,31
2023-09-09,21,39
2023-09-10,8,39
2023-09-10,9,41
2023-09-10,10,43
2023-09-10,11,47
2023-09-10,12,57
2023-09-10,13,37
2023-09-10,14,40
2023-09-10,15,34
2023-09-10,16,52
2023-09-10,17,55
2023-09-10,18,47
2023-09-10,19,44
2023-09-10,20,41
2023-09-10,21,32
2023-09-11,8,25
2023-09-11,9,19
2023-09-11,10,22
2023-09-11,11,23
2023-09-11,12,22
2023-09-11,13,30
2023-09-11,14,14
2023-09-11,15,14
2023-09-11,16,33
2023-09-11,17,34
2023-09-11,18,41
2023-09-11,19,15
2023-09-11,20,12
2023-09-11,21,17
2023-09-12,8,31
2023-09-12,9,33
2023-09-12,10,26
2023-09-12,11,29
2023-09-12,12,31
2023-09-12,13,32
2023-09-12,14,18
2023-09-12,15,21
2023-09-12,16,28
2023-09-12,17,42
2023-09-12,18,30
2023-09-12,19,17
2023-09-12,20,18
2023-09-12,21,14
2023-09-13,8,19
2023-09-13,9,26
2023-09-13,10,16
2023-09-13,11,29
2023-09-13,12,27
2023-09-13,13,34
2023-09-13,14,11
2023-09-13,15,25
2023-09-13,16,37
2023-09-13,17,45
2023-09-13,18,36
2023-09-13,19,26
2023-09-13,20,14
2023-09-13,21,14
2023-09-14,8,29
2023-09-14,9,17
2023-09-14,10,21
2023-09-14,11,28
2023-09-14,12,25
2023-09-14,13,29
2023-09-14,14,23
2023-09-14,15,12
2023-09-14,16,33
2023-09-14,17,38
2023-09-14,18,39
2023-09-14,19,15
2023-09-14,20,21
2023-09-14,21,25
2023-09-15,8,24
2023-09-15,9,21
2023-09-15,10,17
2023-09-15,11,29
2023-09-15,12,34
2023-09-15,13,25
2023-09-15,14,25
2023-09-15,15,21
2023-09-15,16,38
2023-09-15,17,34
2023-09-15,18,37
2023-09-15,19,18
2023-09-15,20,22
2023-09-15,21,21
2023-09-16,8,37
2023-09-16,9,42
2023-09-16,10,44
2023-09-16,11,44
2023-09-16,12,38
2023-09-16,13,58
2023-09-16,14,51
2023-09-16,15,35
2023-09-16,16,54
2023-09-16,17,55
2023-09-16,18,59
2023-09-16,19,40
2023-09-16,20,49
2023-09-16,21,45
2023-09-17,8,37
2023-09-17,9,44
2023-09-17,10,40
2023-09-17,11,50
2023-09-17,12,47
2023-09-17,13,55
2023-09-17,14,43
2023-09-17,15,36
2023-09-17,16,58
2023-09-17,17,57
2023-09-17,18,56
2023-09-17,19,30
2023-09-17,20,45
2023-09-17,21,44
2023-09-18,8,15
2023-09-18,9,21
2023-09-18,10,18
2023-09-18,11,30
2023-09-18,12,23
2023-09-18,13,36
2023-09-18,14,16
2023-09-18,15,20
2023-09-18,16,35
2023-09-18,17,33
2023-09-18,18,30
2023-09-18,19,23
2023-09-18,20,26
2023-09-18,21,5
2023-09-19,8,18
2023-09-19,9,16
2023-09-19,10,28
2023-09-19,11,31
2023-09-19,12,35
2023-09-19,13,25
2023-09-19,14,14
2023-09-19,15,15
2023-09-19,16,33
2023-09-19,17,30
2023-09-19,18,42
2023-09-19,19,24
2023-09-19,20,27
2023-09-19,21,16
2023-09-20,8,21
2023-09-20,9,20
2023-09-20,10,15
2023-09-20,11,25
2023-09-20,12,38
2023-09-20,13,33
2023-09-20,14,16
2023-09-20,15,25
2023-09-20,16,37
2023-09-20,17,36
2023-09-20,18,38
2023-09-20,19,25
2023-09-20,20,29
2023-09-20,21,16
2023-09-21,8,22
2023-09-21,9,20
2023-09-21,10,35
2023-09-21,11,22
2023-09-21,12,35
2023-09-21,13,32
2023-09-21,14,15
2023-09-21,15,22
2023-09-21,16,24
2023-09-21,17,29
2023-09-21,18,32
2023-09-21,19,25
2023-09-21,20,16
2023-09-21,21,13
2023-09-22,8,23
2023-09-22,9,20
2023-09-22,10,29
2023-09-22,11,35
2023-09-22,12,25
2023-09-22,13,31
2023-09-22,14,24
2023-09-22,15,27
2023-09-22,16,36
2023-09-22,17,41
2023-09-22,18,41
2023-09-22,19,24
2023-09-22,20,13
2023-09-22,21,23
2023-09-23,8,31
2023-09-23,9,40
2023-09-23,10,44
2023-09-23,11,44
2023-09-23,12,54
2023-09-23,13,51
2023-09-23,14,45
2023-09-23,15,42
2023-09-23,16,59
2023-09-23,17,60
2023-09-23,18,51
2023-09-23,19,44
2023-09-23,20,40
2023-09-23,21,40
2023-09-24,8,38
2023-09-24,9,41
2023-09-24,10,39
2023-09-24,11,57
2023-09-24,12,44
2023-09-24,13,44
2023-09-24,14,44
2023-09-24,15,33
2023-09-24,16,58
2023-09-24,17,51
2023-09-24,18,47
2023-09-24,19,31
2023-09-24,20,38
2023-09-24,21,45
2023-09-25,8,17
2023-09-25,9,24
2023-09-25,10,24
2023-09-25,11,26
2023-09-25,12,34
2023-09-25,13,27
2023-09-25,14,18
2023-09-25,15,15
2023-09-25,16,40
2023-09-25,17,41
2023-09-25,18,29
2023-09-25,19,25
2023-09-25,20,30
2023-09-25,21,13
2023-09-26,8,16
2023-09-26,9,15
2023-09-26,10,13
2023-09-26,11,25
2023-09-26,12,21
2023-09-26,13,27
2023-09-26,14,18
2023-09-26,15,18
2023-09-26,16,35
2023-09-26,17,28
2023-09-26,18,35
2023-09-26,19,15
2023-09-26,20,16
2023-09-26,21,21
2023-09-27,8,13
2023-09-27,9,15
2023-09-27,10,29
2023-09-27,11,32
2023-09-27,12,25
2023-09-27,13,24
2023-09-27,14,19
2023-09-27,15,28
2023-09-27,16,39
2023-09-27,17,35
2023-09-27,18,37
2023-09-27,19,17
2023-09-27,20,23
2023-09-27,21,22
2023-09-28,8,17
2023-09-28,9,25
2023-09-28,10,29
2023-09-28,11,41
2023-09-28,12,32
2023-09-28,13,28
2023-09-28,14,25
2023-09-28,15,27
2023-09-28,16,38
2023-09-28,17,41
2023-09-28,18,45
2023-09-28,19,16
2023-09-28,20,25
2023-09-28,21,19
2023-09-29,8,23
2023-09-29,9,24
2023-09-29,10,18
2023-09-29,11,32
2023-09-29,12,35
2023-09-29,13,22
2023-09-29,14,24
2023-09-29,15,21
2023-09-29,16,30
2023-09-29,17,35
2023-09-29,18,30
2023-09-29,19,16
2023-09-29,20,23
2023-09-29,21,21
2023-09-30,8,40
2023-09-30,9,38
2023-09-30,10,42
2023-09-30,11,55
2023-09-30,12,45
2023-09-30,13,51
2023-09-30,14,38
2023-09-30,15,35
2023-09-30,16,52
2023-09-30,17,58
2023-09-30,18,48
2023-09-30,19,37
2023-09-30,20,47
2023-09-30,21,39
2023-10-01,8,31
2023-10-01,9,43
2023-10-01,10,35
2023-10-01,11,57
2023-10-01,12,46
2023-10-01,13,48
2023-10-01,14,33
2023-10-01,15,38
2023-10-01,16,52
2023-10-01,17,56
2023-10-01,18,54
2023-10-01,19,43
2023-10-01,20,48
2023-10-01,21,40
2023-10-02,8,27
2023-10-02,9,17
2023-10-02,10,18
2023-10-02,11,32
2023-10-02,12,31
2023-10-02,13,21
2023-10-02,14,15
2023-10-02,15,18
2023-10-02,16,33
2023-10-02,17,32
2023-10-02,18,36
2023-10-02,19,18
2023-10-02,20,23
2023-10-02,21,30
2023-10-03,8,15
2023-10-03,9,23
2023-10-03,10,24
2023-10-03,11,30
2023-10-03,12,30
2023-10-03,13,40
2023-10-03,14,8
2023-10-03,15,17
2023-10-03,16,34
2023-10-03,17,35
2023-10-03,18,24
2023-10-03,19,17
2023-10-03,20,24
2023-10-03,21,16
2023-10-04,8,23
2023-10-04,9,25
2023-10-04,10,34
2023-10-04,11,26
2023-10-04,12,35
2023-10-04,13,43
2023-10-04,14,19
2023-10-04,15,20
2023-10-04,16,38
2023-10-04,17,33
2023-10-04,18,29
2023-10-04,19,22
2023-10-04,20,18
2023-10-04,21,20
2023-10-05,8,23
2023-10-05,9,6
2023-10-05,10,30
2023-10-05,11,33
2023-10-05,12,29
2023-10-05,13,32
2023-10-05,14,17
2023-10-05,15,24
2023-10-05,16,24
2023-10-05,17,37
2023-10-05,18,32
2023-10-05,19,13
2023-10-05,20,21
2023-10-05,21,29
2023-10-06,8,22
2023-10-06,9,16
2023-10-06,10,21
2023-10-06,11,30
2023-10-06,12,34
2023-10-06,13,33
2023-10-06,14,16
2023-10-06,15,24
2023-10-06,16,43
2023-10-06,17,37
2023-10-06,18,34
2023-10-06,19,18
2023-10-06,20,12
2023-10-06,21,26
2023-10-07,8,48
2023-10-07,9,32
2023-10-07,10,35
2023-10-07,11,48
2023-10-07,12,51
2023-10-07,13,43
2023-10-07,14,39
2023-10-07,15,40
2023-10-07,16,58
2023-10-07,17,58
2023-10-07,18,52
2023-10-07,19,35
2023-10-07,20,34
2023-10-07,21,44
2023-10-08,8,45
2023-10-08,9,36
2023-10-08,10,35
2023-10-08,11,33
2023-10-08,12,40
2023-10-08,13,41
2023-10-08,14,39
2023-10-08,15,39
2023-10-08,16,51
2023-10-08,17,51
2023-10-08,18,54
2023-10-08,19,37
2023-10-08,20,31
2023-10-08,21,44
2023-10-09,8,16
2023-10-09,9,15
2023-10-09,10,19
2023-10-09,11,25
2023-10-09,12,29
2023-10-09,13,31
2023-10-09,14,15
2023-10-09,15,23
2023-10-09,16,40
2023-10-09,17,35
2023-10-09,18,43
2023-10-09,19,27
2023-10-09,20,20
2023-10-09,21,22
2023-10-10,8,22
2023-10-10,9,9
2023-10-10,10,20
2023-10-10,11,35
2023-10-10,12,24
2023-10-10,13,32
2023-10-10,14,15
2023-10-10,15,15
2023-10-10,16,38
2023-10-10,17,39
2023-10-10,18,40
2023-10-10,19,12
2023-10-10,20,18
2023-10-10,21,20
2023-10-11,8,16
2023-10-11,9,12
2023-10-11,10,17
2023-10-11,11,31
2023-10-11,12,30
2023-10-11,13,25
2023-10-11,14,22
2023-10-11,15,22
2023-10-11,16,50
2023-10-11,17,44
2023-10-11,18,31
2023-10-11,19,30
2023-10-11,20,20
2023-10-11,21,35
2023-10-12,8,21
2023-10-12,9,16
2023-10-12,10,22
2023-10-12,11,28
2023-10-12,12,30
2023-10-12,13,37
2023-10-12,14,12
2023-10-12,15,11
2023-10-12,16,29
2023-10-12,17,35
2023-10-12,18,44
2023-10-12,19,27
2023-10-12,20,26
2023-10-12,21,17
2023-10-13,8,23
2023-10-13,9,18
2023-10-13,10,21
2023-10-13,11,21
2023-10-13,12,38
2023-10-13,13,34
2023-10-13,14,15
2023-10-13,15,19
2023-10-13,16,37
2023-10-13,17,28
2023-10-13,18,38
2023-10-13,19,19
2023-10-13,20,26
2023-10-13,21,19
2023-10-14,8,43
2023-10-14,9,43
2023-10-14,10,32
2023-10-14,11,54
2023-10-14,12,55
2023-10-14,13,52
2023-10-14,14,41
2023-10-14,15,39
2023-10-14,16,60
2023-10-14,17,62
2023-10-14,18,57
2023-10-14,19,42
2023-10-14,20,45
2023-10-14,21,41
2023-10-15,8,43
2023-10-15,9,42
2023-10-15,10,37
2023-10-15,11,50
2023-10-15,12,44
2023-10-15,13,47
2023-10-15,14,37
2023-10-15,15,39
2023-10-15,16,52
2023-10-15,17,47
2023-10-15,18,52
2023-10-15,19,47
2023-10-15,20,41
2023-10-15,21,33
2023-10-16,8,15
2023-10-16,9,19
2023-10-16,10,24
2023-10-16,11,27
2023-10-16,12,27
2023-10-16,13,29
2023-10-16,14,29
2023-10-16,15,11
2023-10-16,16,35
2023-10-16,17,30
2023-10-16,18,38
2023-10-16,19,19
2023-10-16,20,25
2023-10-16,21,16
2023-10-17,8,16
2023-10-17,9,15
2023-10-17,10,28
2023-10-17,11,35
2023-10-17,12,23
2023-10-17,13,28
2023-10-17,14,21
2023-10-17,15,21
2023-10-17,16,32
2023-10-17,17,29
2023-10-17,18,35
2023-10-17,19,22
2023-10-17,20,26
2023-10-17,21,18
2023-10-18,8,16
2023-10-18,9,21
2023-10-18,10,16
2023-10-18,11,27
2023-10-18,12,24
2023-10-18,13,45
2023-10-18,14,21
2023-10-18,15,14
2023-10-18,16,36
2023-10-18,17,34
2023-10-18,18,35
2023-10-18,19,3
2023-10-18,20,18
2023-10-18,21,16
2023-10-19,8,23
2023-10-19,9,14
2023-10-19,10,22
2023-10-19,11,28
2023-10-19,12,32
2023-10-19,13,35
2023-10-19,14,21
2023-10-19,15,28
2023-10-19,16,39
2023-10-19,17,34
2023-10-19,18,32
2023-10-19,19,17
2023-10-19,20,19
2023-10-19,21,26
2023-10-20,8,23
2023-10-20,9,18
2023-10-20,10,19
2023-10-20,11,28
2023-10-20,12,30
2023-10-20,13,34
2023-10-20,14,23
2023-10-20,15,30
2023-10-20,16,31
2023-10-20,17,30
2023-10-20,18,36
2023-10-20,19,16
2023-10-20,20,35
2023-10-20,21,15
2023-10-21,8,44
2023-10-21,9,38
2023-10-21,10,43
2023-10-21,11,48
2023-10-21,12,55
2023-10-21,13,42
2023-10-21,14,53
2023-10-21,15,41
2023-10-21,16,56
2023-10-21,17,62
2023-10-21,18,55
2023-10-21,19,37
2023-10-21,20,41
2023-10-21,21,39
2023-10-22,8,34
2023-10-22,9,35
2023-10-22,10,31
2023-10-22,11,54
2023-10-22,12,57
2023-10-22,13,48
2023-10-22,14,33
2023-10-22,15,34
2023-10-22,16,62
2023-10-22,17,48
2023-10-22,18,56
2023-10-22,19,39
2023-10-22,20,48
2023-10-22,21,35
2023-10-23,8,23
2023-10-23,9,21
2023-10-23,10,21
2023-10-23,11,26
2023-10-23,12,24
2023-10-23,13,26
2023-10-23,14,21
2023-10-23,15,15
2023-10-23,16,37
2023-10-23,17,39
2023-10-23,18,38
2023-10-23,19,18
2023-10-23,20,22
2023-10-23,21,25
2023-10-24,8,22
2023-10-24,9,29
2023-10-24,10,16
2023-10-24,11,36
2023-10-24,12,35
2023-10-24,13,30
2023-10-24,14,25
2023-10-24,15,14
2023-10-24,16,38
2023-10-24,17,25
2023-10-24,18,37
2023-10-24,19,26
2023-10-24,20,23
2023-10-24,21,19
2023-10-25,8,27
2023-10-25,9,16
2023-10-25,10,21
2023-10-25,11,27
2023-10-25,12,36
2023-10-25,13,28
2023-10-25,14,10
2023-10-25,15,21
2023-10-25,16,38
2023-10-25,17,40
2023-10-25,18,33
2023-10-25,19,20
2023-10-25,20,18
2023-10-25,21,23
2023-10-26,8,20
2023-10-26,9,18
2023-10-26,10,21
2023-10-26,11,37
2023-10-26,12,32
2023-10-26,13,26
2023-10-26,14,21
2023-10-26,15,19
2023-10-26,16,29
2023-10-26,17,35
2023-10-26,18,33
2023-10-26,19,21
2023-10-26,20,19
2023-10-26,21,17
2023-10-27,8,19
2023-10-27,9,26
2023-10-27,10,19
2023-10-27,11,23
2023-10-27,12,31
2023-10-27,13,30
2023-10-27,14,20
2023-10-27,15,23
2023-10-27,16,31
2023-10-27,17,39
2023-10-27,18,44
2023-10-27,19,29
2023-10-27,20,15
2023-10-27,21,31
2023-10-28,8,44
2023-10-28,9,37
2023-10-28,10,42
2023-10-28,11,45
2023-10-28,12,51
2023-10-28,13,45
2023-10-28,14,47
2023-10-28,15,33
2023-10-28,16,64
2023-10-28,17,60
2023-10-28,18,50
2023-10-28,19,43
2023-10-28,20,34
2023-10-28,21,38
2023-10-29,8,43
2023-10-29,9,42
2023-10-29,10,39
2023-10-29,11,56
2023-10-29,12,44
2023-10-29,13,50
2023-10-29,14,41
2023-10-29,15,38
2023-10-29,16,55
2023-10-29,17,61
2023-10-29,18,64
2023-10-29,19,42
2023-10-29,20,36
2023-10-29,21,40
2023-10-30,8,16
2023-10-30,9,28
2023-10-30,10,18
2023-10-30,11,33
2023-10-30,12,27
2023-10-30,13,22
2023-10-30,14,14
2023-10-30,15,24
2023-10-30,16,30
2023-10-30,17,28
2023-10-30,18,45
2023-10-30,19,19
2023-10-30,20,13
2023-10-30,21,24
2023-10-31,8,23
2023-10-31,9,16
2023-10-31,10,23
2023-10-31,11,33
2023-10-31,12,36
2023-10-31,13,27
2023-10-31,14,22
2023-10-31,15,13
2023-10-31,16,30
2023-10-31,17,30
2023-10-31,18,31
2023-10-31,19,18
2023-10-31,20,16
2023-10-31,21,19
2023-11-01,8,20
2023-11-01,9,17
2023-11-01,10,24
2023-11-01,11,37
2023-11-01,12,26
2023-11-01,13,21
2023-11-01,14,22
2023-11-01,15,27
2023-11-01,16,37
2023-11-01,17,31
2023-11-01,18,36
2023-11-01,19,23
2023-11-01,20,27
2023-11-01,21,29
2023-11-02,8,12
2023-11-02,9,17
2023-11-02,10,15
2023-11-02,11,29
2023-11-02,12,18
2023-11-02,13,32
2023-11-02,14,23
2023-11-02,15,16
2023-11-02,16,31
2023-11-02,17,37
2023-11-02,18,29
2023-11-02,19,19
2023-11-02,20,23
2023-11-02,21,32
2023-11-03,8,17
2023-11-03,9,15
2023-11-03,10,24
2023-11-03,11,26
2023-11-03,12,17
2023-11-03,13,23
2023-11-03,14,19
2023-11-03,15,11
2023-11-03,16,32
2023-11-03,17,37
2023-11-03,18,39
2023-11-03,19,14
2023-11-03,20,21
2023-11-03,21,22
2023-11-04,8,39
2023-11-04,9,48
2023-11-04,10,42
2023-11-04,11,42
2023-11-04,12,43
2023-11-04,13,47
2023-11-04,14,45
2023-11-04,15,37
2023-11-04,16,59
2023-11-04,17,54
2023-11-04,18,59
2023-11-04,19,38
2023-11-04,20,36
2023-11-04,21,41
2023-11-05,8,39
2023-11-05,9,41
2023-11-05,10,43
2023-11-05,11,50
2023-11-05,12,50
2023-11-05,13,51
2023-11-05,14,37
2023-11-05,15,39
2023-11-05,16,51
2023-11-05,17,57
2023-11-05,18,62
2023-11-05,19,34
2023-11-05,20,40
2023-11-05,21,48
2023-11-06,8,25
2023-11-06,9,27
2023-11-06,10,28
2023-11-06,11,31
2023-11-06,12,23
2023-11-06,13,24
2023-11-06,14,18
2023-11-06,15,16
2023-11-06,16,35
2023-11-06,17,32
2023-11-06,18,38
2023-11-06,19,24
2023-11-06,20,15
2023-11-06,21,24
2023-11-07,8,23
2023-11-07,9,24
2023-11-07,10,30
2023-11-07,11,41
2023-11-07,12,33
2023-11-07,13,27
2023-11-07,14,27
2023-11-07,15,12
2023-11-07,16,42
2023-11-07,17,34
2023-11-07,18,32
2023-11-07,19,31
2023-11-07,20,23
2023-11-07,21,16
2023-11-08,8,20
2023-11-08,9,17
2023-11-08,10,22
2023-11-08,11,33
2023-11-08,12,38
2023-11-08,13,34
2023-11-08,14,21
2023-11-08,15,24
2023-11-08,16,33
2023-11-08,17,33
2023-11-08,18,36
2023-11-08,19,16
2023-11-08,20,15
2023-11-08,21,19
2023-11-09,8,22
2023-11-09,9,25
2023-11-09,10,21
2023-11-09,11,34
2023-11-09,12,26
2023-11-09,13,28
2023-11-09,14,11
2023-11-09,15,16
2023-11-09,16,26
2023-11-09,17,23
2023-11-09,18,40
2023-11-09,19,21
2023-11-09,20,16
2023-11-09,21,15
2023-11-10,8,16
2023-11-10,9,23
2023-11-10,10,23
2023-11-10,11,32
2023-11-10,12,28
2023-11-10,13,29
2023-11-10,14,15
2023-11-10,15,21
2023-11-10,16,36
2023-11-10,17,45
2023-11-10,18,37
2023-11-10,19,14
2023-11-10,20,13
2023-11-10,21,23
2023-11-11,8,36
2023-11-11,9,37
2023-11-11,10,37
2023-11-11,11,47
2023-11-11,12,53
2023-11-11,13,54
2023-11-11,14,41
2023-11-11,15,30
2023-11-11,16,50
2023-11-11,17,56
2023-11-11,18,54
2023-11-11,19,42
2023-11-11,20,43
2023-11-11,21,37
2023-11-12,8,41
2023-11-12,9,36
2023-11-12,10,43
2023-11-12,11,58
2023-11-12,12,45
2023-11-12,13,38
2023-11-12,14,40
2023-11-12,15,30
2023-11-12,16,54
2023-11-12,17,46
2023-11-12,18,47
2023-11-12,19,31
2023-11-12,20,39
2023-11-12,21,43
2023-11-13,8,19
2023-11-13,9,15
2023-11-13,10,21
2023-11-13,11,40
2023-11-13,12,24
2023-11-13,13,24
2023-11-13,14,26
2023-11-13,15,23
2023-11-13,16,32
2023-11-13,17,37
2023-11-13,18,34
2023-11-13,19,16
2023-11-13,20,25
2023-11-13,21,15
2023-11-14,8,31
2023-11-14,9,13
2023-11-14,10,10
2023-11-14,11,34
2023-11-14,12,24
2023-11-14,13,34
2023-11-14,14,20
2023-11-14,15,23
2023-11-14,16,26
2023-11-14,17,38
2023-11-14,18,36
2023-11-14,19,28
2023-11-14,20,17
2023-11-14,21,19
2023-11-15,8,15
2023-11-15,9,20
2023-11-15,10,32
2023-11-15,11,25
2023-11-15,12,28
2023-11-15,13,33
2023-11-15,14,21
2023-11-15,15,20
2023-11-15,16,34
2023-11-15,17,35
2023-11-15,18,42
2023-11-15,19,18
2023-11-15,20,19
2023-11-15,21,16
2023-11-16,8,12
2023-11-16,9,25
2023-11-16,10,27
2023-11-16,11,37
2023-11-16,12,30
2023-11-16,13,25
2023-11-16,14,21
2023-11-16,15,22
2023-11-16,16,31
2023-11-16,17,30
2023-11-16,18,36
2023-11-16,19,8
2023-11-16,20,15
2023-11-16,21,10
2023-11-17,8,26
2023-11-17,9,20
2023-11-17,10,5
2023-11-17,11,22
2023-11-17,12,20
2023-11-17,13,25
2023-11-17,14,13
2023-11-17,15,16
2023-11-17,16,30
2023-11-17,17,34
2023-11-17,18,32
2023-11-17,19,14
2023-11-17,20,18
2023-11-17,21,15
2023-11-18,8,43
2023-11-18,9,44
2023-11-18,10,38
2023-11-18,11,45
2023-11-18,12,44
2023-11-18,13,58
2023-11-18,14,39
2023-11-18,15,36
2023-11-18,16,49
2023-11-18,17,50
2023-11-18,18,59
2023-11-18,19,44
2023-11-18,20,40
2023-11-18,21,41
2023-11-19,8,50
2023-11-19,9,44
2023-11-19,10,45
2023-11-19,11,51
2023-11-19,12,47
2023-11-19,13,57
2023-11-19,14,43
2023-11-19,15,41
2023-11-19,16,57
2023-11-19,17,51
2023-11-19,18,51
2023-11-19,19,34
2023-11-19,20,43
2023-11-19,21,37
2023-11-20,8,19
2023-11-20,9,15
2023-11-20,10,7
2023-11-20,11,28
2023-11-20,12,36
2023-11-20,13,25
2023-11-20,14,13
2023-11-20,15,30
2023-11-20,16,34
2023-11-20,17,39
2023-11-20,18,34
2023-11-20,19,27
2023-11-20,20,8
2023-11-20,21,18
2023-11-21,8,17
2023-11-21,9,17
2023-11-21,10,20
2023-11-21,11,26
2023-11-21,12,28
2023-11-21,13,23
2023-11-21,14,17
2023-11-21,15,22
2023-11-21,16,34
2023-11-21,17,38
2023-11-21,18,23
2023-11-21,19,16
2023-11-21,20,23
2023-11-21,21,18
2023-11-22,8,22
2023-11-22,9,16
2023-11-22,10,21
2023-11-22,11,25
2023-11-22,12,36
2023-11-22,13,28
2023-11-22,14,16
2023-11-22,15,21
2023-11-22,16,41
2023-11-22,17,37
2023-11-22,18,35
2023-11-22,19,14
2023-11-22,20,25
2023-11-22,21,21
2023-11-23,8,25
2023-11-23,9,26
2023-11-23,10,16
2023-11-23,11,31
2023-11-23,12,30
2023-11-23,13,19
2023-11-23,14,17
2023-11-23,15,17
2023-11-23,16,26
2023-11-23,17,30
2023-11-23,18,24
2023-11-23,19,29
2023-11-23,20,18
2023-11-23,21,25
2023-11-24,8,21
2023-11-24,9,21
2023-11-24,10,15
2023-11-24,11,31
2023-11-24,12,27
2023-11-24,13,30
2023-11-24,14,20
2023-11-24,15,17
2023-11-24,16,36
2023-11-24,17,33
2023-11-24,18,33
2023-11-24,19,10
2023-11-24,20,18
2023-11-24,21,23
2023-11-25,8,31
2023-11-25,9,44
2023-11-25,10,44
2023-11-25,11,54
2023-11-25,12,50
2023-11-25,13,46
2023-11-25,14,43
2023-11-25,15,41
2023-11-25,16,52
2023-11-25,17,55
2023-11-25,18,57
2023-11-25,19,37
2023-11-25,20,34
2023-11-25,21,43
2023-11-26,8,41
2023-11-26,9,39
2023-11-26,10,34
2023-11-26,11,46
2023-11-26,12,49
2023-11-26,13,51
2023-11-26,14,43
2023-11-26,15,37
2023-11-26,16,58
2023-11-26,17,61
2023-11-26,18,46
2023-11-26,19,45
2023-11-26,20,43
2023-11-26,21,50
2023-11-27,8,23
2023-11-27,9,14
2023-11-27,10,20
2023-11-27,11,36
2023-11-27,12,32
2023-11-27,13,25
2023-11-27,14,16
2023-11-27,15,20
2023-11-27,16,38
2023-11-27,17,37
2023-11-27,18,37
2023-11-27,19,18
2023-11-27,20,19
2023-11-27,21,17
2023-11-28,8,22
2023-11-28,9,18
2023-11-28,10,24
2023-11-28,11,32
2023-11-28,12,35
2023-11-28,13,30
2023-11-28,14,15
2023-11-28,15,16
2023-11-28,16,40
2023-11-28,17,26
2023-11-28,18,33
2023-11-28,19,26
2023-11-28,20,20
2023-11-28,21,26
2023-11-29,8,22
2023-11-29,9,17
2023-11-29,10,14
2023-11-29,11,25
2023-11-29,12,27
2023-11-29,13,28
2023-11-29,14,28
2023-11-29,15,16
2023-11-29,16,43
2023-11-29,17,42
2023-11-29,18,28
2023-11-29,19,17
2023-11-29,20,13
2023-11-29,21,28
2023-11-30,8,21
2023-11-30,9,28
2023-11-30,10,20
2023-11-30,11,33
2023-11-30,12,28
2023-11-30,13,28
2023-11-30,14,18
2023-11-30,15,19
2023-11-30,16,35
2023-11-30,17,41
2023-11-30,18,42
2023-11-30,19,21
2023-11-30,20,28
2023-11-30,21,25
2023-12-01,8,27
2023-12-01,9,20
2023-12-01,10,23
2023-12-01,11,33
2023-12-01,12,30
2023-12-01,13,31
2023-12-01,14,15
2023-12-01,15,18
2023-12-01,16,27
2023-12-01,17,41
2023-12-01,18,32
2023-12-01,19,20
2023-12-01,20,23
2023-12-01,21,17
2023-12-02,8,35
2023-12-02,9,40
2023-12-02,10,34
2023-12-02,11,46
2023-12-02,12,48
2023-12-02,13,56
2023-12-02,14,37
2023-12-02,15,33
2023-12-02,16,51
2023-12-02,17,58
2023-12-02,18,52
2023-12-02,19,34
2023-12-02,20,45
2023-12-02,21,43
2023-12-03,8,45
2023-12-03,9,45
2023-12-03,10,39
2023-12-03,11,48
2023-12-03,12,44
2023-12-03,13,51
2023-12-03,14,39
2023-12-03,15,33
2023-12-03,16,50
2023-12-03,17,53
2023-12-03,18,43
2023-12-03,19,37
2023-12-03,20,41
2023-12-03,21,40
2023-12-04,8,22
2023-12-04,9,24
2023-12-04,10,4
2023-12-04,11,31
2023-12-04,12,26
2023-12-04,13,37
2023-12-04,14,10
2023-12-04,15,18
2023-12-04,16,34
2023-12-04,17,37
2023-12-04,18,33
2023-12-04,19,12
2023-12-04,20,22
2023-12-04,21,28
2023-12-05,8,23
2023-12-05,9,21
2023-12-05,10,22
2023-12-05,11,25
2023-12-05,12,24
2023-12-05,13,22
2023-12-05,14,25
2023-12-05,15,23
2023-12-05,16,36
2023-12-05,17,33
2023-12-05,18,28
2023-12-05,19,20
2023-12-05,20,12
2023-12-05,21,15
2023-12-06,8,13
2023-12-06,9,12
2023-12-06,10,15
2023-12-06,11,37
2023-12-06,12,26
2023-12-06,13,32
2023-12-06,14,21
2023-12-06,15,16
2023-12-06,16,41
2023-12-06,17,30
2023-12-06,18,38
2023-12-06,19,11
2023-12-06,20,19
2023-12-06,21,14
2023-12-07,8,16
2023-12-07,9,21
2023-12-07,10,17
2023-12-07,11,33
2023-12-07,12,31
2023-12-07,13,23
2023-12-07,14,18
2023-12-07,15,19
2023-12-07,16,40
2023-12-07,17,35
2023-12-07,18,37
2023-12-07,19,16
2023-12-07,20,18
2023-12-07,21,19
2023-12-08,8,17
2023-12-08,9,21
2023-12-08,10,19
2023-12-08,11,21
2023-12-08,12,22
2023-12-08,13,32
2023-12-08,14,22
2023-12-08,15,13
2023-12-08,16,31
2023-12-08,17,41
2023-12-08,18,41
2023-12-08,19,10
2023-12-08,20,18
2023-12-08,21,17
2023-12-09,8,37
2023-12-09,9,38
2023-12-09,10,47
2023-12-09,11,51
2023-12-09,12,49
2023-12-09,13,52
2023-12-09,14,33
2023-12-09,15,40
2023-12-09,16,55
2023-12-09,17,51
2023-12-09,18,53
2023-12-09,19,42
2023-12-09,20,41
2023-12-09,21,46
2023-12-10,8,40
2023-12-10,9,44
2023-12-10,10,36
2023-12-10,11,50
2023-12-10,12,52
2023-12-10,13,50
2023-12-10,14,33
2023-12-10,15,38
2023-12-10,16,57
2023-12-10,17,54
2023-12-10,18,60
2023-12-10,19,34
2023-12-10,20,41
2023-12-10,21,49
2023-12-11,8,14
2023-12-11,9,18
2023-12-11,10,16
2023-12-11,11,35
2023-12-11,12,29
2023-12-11,13,32
2023-12-11,14,18
2023-12-11,15,25
2023-12-11,16,35
2023-12-11,17,18
2023-12-11,18,34
2023-12-11,19,20
2023-12-11,20,7
2023-12-11,21,19
2023-12-12,8,18
2023-12-12,9,12
2023-12-12,10,24
2023-12-12,11,29
2023-12-12,12,30
2023-12-12,13,33
2023-12-12,14,17
2023-12-12,15,30
2023-12-12,16,22
2023-12-12,17,29
2023-12-12,18,29
2023-12-12,19,16
2023-12-12,20,13
2023-12-12,21,19
2023-12-13,8,22
2023-12-13,9,22
2023-12-13,10,27
2023-12-13,11,31
2023-12-13,12,27
2023-12-13,13,22
2023-12-13,14,30
2023-12-13,15,17
2023-12-13,16,37
2023-12-13,17,31
2023-12-13,18,35
2023-12-13,19,27
2023-12-13,20,28
2023-12-13,21,9
2023-12-14,8,14
2023-12-14,9,15
2023-12-14,10,17
2023-12-14,11,27
2023-12-14,12,33
2023-12-14,13,24
2023-12-14,14,24
2023-12-14,15,23
2023-12-14,16,35
2023-12-14,17,32
2023-12-14,18,34
2023-12-14,19,16
2023-12-14,20,17
2023-12-14,21,14
2023-12-15,8,10
2023-12-15,9,20
2023-12-15,10,24
2023-12-15,11,38
2023-12-15,12,22
2023-12-15,13,26
2023-12-15,14,25
2023-12-15,15,26
2023-12-15,16,34
2023-12-15,17,34
2023-12-15,18,35
2023-12-15,19,23
2023-12-15,20,24
2023-12-15,21,11
2023-12-16,8,33
2023-12-16,9,47
2023-12-16,10,38
2023-12-16,11,54
2023-12-16,12,51
2023-12-16,13,54
2023-12-16,14,30
2023-12-16,15,33
2023-12-16,16,52
2023-12-16,17,57
2023-12-16,18,62
2023-12-16,19,33
2023-12-16,20,54
2023-12-16,21,30
2023-12-17,8,39
2023-12-17,9,34
2023-12-17,10,40
2023-12-17,11,59
2023-12-17,12,54
2023-12-17,13,52
2023-12-17,14,44
2023-12-17,15,44
2023-12-17,16,56
2023-12-17,17,61
2023-12-17,18,55
2023-12-17,19,42
2023-12-17,20,37
2023-12-17,21,44
2023-12-18,8,28
2023-12-18,9,22
2023-12-18,10,20
2023-12-18,11,22
2023-12-18,12,29
2023-12-18,13,21
2023-12-18,14,12
2023-12-18,15,16
2023-12-18,16,32
2023-12-18,17,33
2023-12-18,18,38
2023-12-18,19,11
2023-12-18,20,18
2023-12-18,21,20
2023-12-19,8,25
2023-12-19,9,18
2023-12-19,10,19
2023-12-19,11,35
2023-12-19,12,25
2023-12-19,13,29
2023-12-19,14,19
2023-12-19,15,20
2023-12-19,16,32
2023-12-19,17,36
2023-12-19,18,42
2023-12-19,19,14
2023-12-19,20,23
2023-12-19,21,30
2023-12-20,8,23
2023-12-20,9,11
2023-12-20,10,20
2023-12-20,11,32
2023-12-20,12,30
2023-12-20,13,21
2023-12-20,14,22
2023-12-20,15,26
2023-12-20,16,29
2023-12-20,17,31
2023-12-20,18,33
2023-12-20,19,8
2023-12-20,20,19
2023-12-20,21,16
2023-12-21,8,13
2023-12-21,9,25
2023-12-21,10,17
2023-12-21,11,30
2023-12-21,12,32
2023-12-21,13,28
2023-12-21,14,15
2023-12-21,15,21
2023-12-21,16,35
2023-12-21,17,36
2023-12-21,18,38
2023-12-21,19,15
2023-12-21,20,19
2023-12-21,21,22
2023-12-22,8,23
2023-12-22,9,25
2023-12-22,10,24
2023-12-22,11,34
2023-12-22,12,29
2023-12-22,13,23
2023-12-22,14,13
2023-12-22,15,19
2023-12-22,16,30
2023-12-22,17,34
2023-12-22,18,34
2023-12-22,19,21
2023-12-22,20,14
2023-12-22,21,16
2023-12-23,8,42
2023-12-23,9,44
2023-12-23,10,36
2023-12-23,11,51
2023-12-23,12,52
2023-12-23,13,45
2023-12-23,14,35
2023-12-23,15,38
2023-12-23,16,43
2023-12-23,17,44
2023-12-23,18,56
2023-12-23,19,38
2023-12-23,20,41
2023-12-23,21,38
2023-12-24,8,38
2023-12-24,9,43
2023-12-24,10,35
2023-12-24,11,48
2023-12-24,12,47
2023-12-24,13,52
2023-12-24,14,47
2023-12-24,15,32
2023-12-24,16,50
2023-12-24,17,47
2023-12-24,18,53
2023-12-24,19,43
2023-12-24,20,42
2023-12-24,21,32
2023-12-25,8,27
2023-12-25,9,16
2023-12-25,10,17
2023-12-25,11,27
2023-12-25,12,28
2023-12-25,13,33
2023-12-25,14,19
2023-12-25,15,23
2023-12-25,16,34
2023-12-25,17,37
2023-12-25,18,37
2023-12-25,19,14
2023-12-25,20,29
2023-12-25,21,24
2023-12-26,8,24
2023-12-26,9,17
2023-12-26,10,19
2023-12-26,11,30
2023-12-26,12,24
2023-12-26,13,25
2023-12-26,14,25
2023-12-26,15,19
2023-12-26,16,38
2023-12-26,17,30
2023-12-26,18,37
2023-12-26,19,19
2023-12-26,20,14
2023-12-26,21,15
2023-12-27,8,18
2023-12-27,9,23
2023-12-27,10,16
2023-12-27,11,37
2023-12-27,12,22
2023-12-27,13,25
2023-12-27,14,23
2023-12-27,15,15
2023-12-27,16,26
2023-12-27,17,37
2023-12-27,18,28
2023-12-27,19,14
2023-12-27,20,16
2023-12-27,21,17
2023-12-28,8,26
2023-12-28,9,21
2023-12-28,10,22
2023-12-28,11,28
2023-12-28,12,29
2023-12-28,13,35
2023-12-28,14,16
2023-12-28,15,2
2023-12-28,16,30
2023-12-28,17,32
2023-12-28,18,31
2023-12-28,19,17
2023-12-28,20,23
2023-12-28,21,21
2023-12-29,8,22
2023-12-29,9,25
2023-12-29,10,22
2023-12-29,11,34
2023-12-29,12,40
2023-12-29,13,33
2023-12-29,14,18
2023-12-29,15,24
2023-12-29,16,39
2023-12-29,17,36
2023-12-29,18,40
2023-12-29,19,16
2023-12-29,20,20
2023-12-29,21,21
2023-12-30,8,37
2023-12-30,9,35
2023-12-30,10,41
2023-12-30,11,45
2023-12-30,12,52
2023-12-30,13,47
2023-12-30,14,42
2023-12-30,15,39
2023-12-30,16,53
2023-12-30,17,56
2023-12-30,18,42
2023-12-30,19,45
2023-12-30,20,43
2023-12-30,21,54
2023-12-31,8,48
2023-12-31,9,41
2023-12-31,10,35
2023-12-31,11,41
2023-12-31,12,61
2023-12-31,13,49
2023-12-31,14,34
2023-12-31,15,40
2023-12-31,16,59
2023-12-31,17,50
2023-12-31,18,58
2023-12-31,19,43
2023-12-31,20,31
2023-12-31,21,37
